user_id,package_id,rating,rating_date
USR0297,PKG0024,4,2024-05-16
USR0245,PKG0006,5,2024-07-18
USR0217,PKG0023,5,2025-03-04
USR0317,PKG0013,4,2025-08-05
USR0090,PKG0028,5,2024-07-17
USR0042,PKG0042,4,2025-03-03
USR0138,PKG0045,5,2024-06-04
USR0147,PKG0035,3,2025-03-13
USR0320,PKG0054,4,2025-07-14
USR0291,PKG0049,4,2025-08-04
USR0229,PKG0038,3,2024-09-18
USR0139,PKG0017,3,2024-08-03
USR0348,PKG0058,5,2024-01-01
USR0213,PKG0030,4,2024-03-08
USR0268,PKG0007,3,2024-06-16
USR0222,PKG0031,4,2024-02-08
USR0099,PKG0056,2,2024-09-28
USR0277,PKG0041,3,2025-05-09
USR0356,PKG0010,4,2024-03-08
USR0131,PKG0041,3,2024-08-12
USR0166,PKG0036,3,2025-04-24
USR0126,PKG0011,2,2024-06-18
USR0042,PKG0030,4,2025-11-19
USR0004,PKG0043,3,2025-05-20
USR0128,PKG0031,3,2024-04-26
USR0130,PKG0034,5,2024-03-22
USR0390,PKG0028,5,2025-11-16
USR0017,PKG0050,4,2025-04-15
USR0333,PKG0024,4,2024-12-16
USR0118,PKG0026,3,2025-09-23
USR0243,PKG0020,2,2025-01-16
USR0048,PKG0036,3,2025-04-25
USR0035,PKG0032,5,2024-09-21
USR0207,PKG0039,1,2025-08-13
USR0378,PKG0058,4,2025-07-25
USR0315,PKG0017,4,2025-07-15
USR0084,PKG0030,2,2024-12-04
USR0066,PKG0044,4,2025-10-08
USR0342,PKG0002,4,2025-11-11
USR0185,PKG0013,4,2024-11-30
USR0018,PKG0024,4,2025-06-23
USR0172,PKG0034,4,2024-06-08
USR0329,PKG0047,2,2025-11-14
USR0037,PKG0043,5,2025-11-29
USR0369,PKG0022,4,2025-08-26
USR0251,PKG0057,5,2025-06-16
USR0303,PKG0028,2,2025-11-29
USR0158,PKG0005,2,2024-10-12
USR0161,PKG0050,4,2025-08-31
USR0318,PKG0045,4,2024-09-08
USR0232,PKG0020,4,2024-08-19
USR0172,PKG0010,3,2024-01-23
USR0356,PKG0024,4,2025-03-20
USR0387,PKG0054,5,2025-05-09
USR0233,PKG0015,3,2024-10-05
USR0309,PKG0038,5,2024-12-02
USR0335,PKG0046,2,2025-06-05
USR0282,PKG0044,2,2024-11-03
USR0342,PKG0014,5,2025-05-25
USR0321,PKG0022,3,2025-02-18
USR0291,PKG0023,4,2024-02-22
USR0071,PKG0031,3,2025-08-28
USR0297,PKG0049,2,2024-11-03
USR0372,PKG0019,3,2024-09-20
USR0108,PKG0028,2,2024-04-19
USR0342,PKG0005,4,2024-05-31
USR0361,PKG0002,2,2025-07-22
USR0121,PKG0023,5,2024-08-16
USR0238,PKG0006,3,2024-08-12
USR0288,PKG0015,3,2024-09-11
USR0257,PKG0056,5,2025-04-20
USR0156,PKG0048,5,2024-06-05
USR0371,PKG0057,3,2024-04-10
USR0043,PKG0005,5,2025-07-09
USR0040,PKG0015,5,2025-06-01
USR0311,PKG0042,4,2025-01-06
USR0060,PKG0057,3,2025-02-26
USR0319,PKG0030,3,2025-02-13
USR0317,PKG0023,5,2025-03-05
USR0380,PKG0033,3,2025-08-03
USR0120,PKG0026,4,2024-12-05
USR0043,PKG0018,3,2024-11-02
USR0182,PKG0046,5,2024-03-24
USR0052,PKG0008,3,2024-09-05
USR0037,PKG0015,4,2024-06-15
USR0231,PKG0001,4,2025-09-30
USR0131,PKG0016,3,2025-05-07
USR0332,PKG0003,4,2025-11-09
USR0338,PKG0028,3,2024-03-08
USR0234,PKG0015,4,2024-11-17
USR0321,PKG0001,4,2024-02-28
USR0076,PKG0028,3,2025-03-22
USR0134,PKG0058,2,2025-02-19
USR0334,PKG0008,4,2025-03-18
USR0174,PKG0031,3,2024-06-06
USR0109,PKG0015,4,2025-02-28
USR0168,PKG0012,3,2025-04-29
USR0302,PKG0031,4,2024-02-01
USR0173,PKG0010,3,2024-12-07
USR0394,PKG0009,4,2025-01-14
USR0368,PKG0036,3,2024-05-01
USR0333,PKG0043,4,2024-11-11
USR0294,PKG0010,4,2024-08-29
USR0147,PKG0054,4,2025-05-13
USR0360,PKG0036,5,2025-05-18
USR0123,PKG0044,2,2025-02-09
USR0211,PKG0056,4,2025-08-25
USR0258,PKG0040,3,2024-08-07
USR0021,PKG0040,2,2025-02-19
USR0161,PKG0012,4,2025-03-16
USR0231,PKG0020,4,2024-08-28
USR0160,PKG0012,3,2024-10-20
USR0308,PKG0007,5,2024-09-06
USR0040,PKG0030,4,2025-09-17
USR0153,PKG0039,5,2024-06-17
USR0270,PKG0043,5,2024-12-10
USR0384,PKG0060,4,2024-06-12
USR0216,PKG0056,3,2025-09-04
USR0338,PKG0024,3,2024-11-30
USR0193,PKG0051,3,2025-08-30
USR0077,PKG0031,4,2025-01-20
USR0138,PKG0050,5,2024-03-25
USR0126,PKG0001,5,2024-04-13
USR0204,PKG0004,3,2024-03-25
USR0346,PKG0059,3,2024-03-25
USR0044,PKG0026,5,2024-01-09
USR0090,PKG0031,3,2024-06-02
USR0168,PKG0036,5,2025-07-07
USR0290,PKG0052,3,2025-03-14
USR0146,PKG0034,4,2025-05-19
USR0193,PKG0053,4,2024-04-04
USR0158,PKG0039,3,2025-10-25
USR0197,PKG0058,3,2024-06-04
USR0393,PKG0034,3,2024-02-22
USR0162,PKG0060,4,2024-01-03
USR0315,PKG0035,5,2025-04-27
USR0338,PKG0001,3,2024-06-30
USR0289,PKG0030,5,2024-02-03
USR0069,PKG0057,3,2024-05-16
USR0020,PKG0054,2,2024-10-25
USR0038,PKG0030,4,2025-01-10
USR0028,PKG0037,3,2025-11-26
USR0350,PKG0019,5,2024-12-31
USR0242,PKG0001,3,2025-11-13
USR0255,PKG0058,3,2025-08-08
USR0173,PKG0018,3,2024-03-30
USR0087,PKG0040,4,2024-02-11
USR0177,PKG0030,3,2024-06-18
USR0310,PKG0023,5,2024-11-13
USR0246,PKG0051,2,2024-12-04
USR0320,PKG0018,3,2024-04-12
USR0083,PKG0002,3,2024-02-09
USR0248,PKG0025,2,2025-08-19
USR0160,PKG0025,5,2024-03-25
USR0029,PKG0057,3,2024-02-10
USR0258,PKG0022,4,2025-09-21
USR0100,PKG0010,5,2024-01-01
USR0082,PKG0004,5,2024-07-15
USR0231,PKG0032,3,2024-06-23
USR0393,PKG0050,4,2025-02-04
USR0061,PKG0035,4,2025-05-17
USR0073,PKG0046,4,2024-04-20
USR0250,PKG0043,4,2024-09-30
USR0186,PKG0006,3,2025-08-30
USR0217,PKG0047,4,2024-10-25
USR0134,PKG0045,3,2025-09-22
USR0112,PKG0007,3,2025-06-22
USR0384,PKG0020,5,2024-03-14
USR0329,PKG0041,4,2025-09-19
USR0095,PKG0038,4,2024-10-18
USR0064,PKG0058,4,2024-05-21
USR0345,PKG0037,5,2024-03-07
USR0333,PKG0037,2,2025-04-18
USR0385,PKG0052,3,2025-09-12
USR0278,PKG0053,3,2024-09-23
USR0019,PKG0040,3,2024-06-10
USR0360,PKG0056,5,2025-10-20
USR0193,PKG0017,4,2025-06-11
USR0328,PKG0053,4,2024-04-08
USR0168,PKG0051,4,2025-05-23
USR0295,PKG0041,5,2025-09-13
USR0088,PKG0045,3,2024-08-17
USR0223,PKG0016,4,2024-10-17
USR0014,PKG0050,4,2024-02-02
USR0056,PKG0005,3,2025-02-06
USR0372,PKG0040,4,2024-12-12
USR0312,PKG0047,5,2025-11-11
USR0351,PKG0038,2,2024-06-15
USR0108,PKG0030,4,2025-04-29
USR0370,PKG0039,4,2025-04-08
USR0216,PKG0007,3,2025-01-02
USR0330,PKG0052,4,2025-06-05
USR0126,PKG0056,4,2024-11-09
USR0043,PKG0028,3,2024-10-27
USR0386,PKG0024,4,2025-10-31
USR0164,PKG0015,2,2025-02-14
USR0053,PKG0057,5,2025-03-04
USR0058,PKG0031,3,2024-08-28
USR0283,PKG0004,2,2024-11-12
USR0142,PKG0016,3,2025-11-13
USR0127,PKG0043,3,2024-11-30
USR0343,PKG0033,3,2024-08-03
USR0234,PKG0024,2,2024-09-03
USR0227,PKG0019,3,2025-04-17
USR0055,PKG0036,5,2024-06-01
USR0303,PKG0015,3,2024-06-07
USR0395,PKG0047,4,2024-02-07
USR0171,PKG0045,3,2024-03-22
USR0218,PKG0033,3,2024-03-01
USR0029,PKG0016,5,2025-08-24
USR0010,PKG0056,5,2024-04-30
USR0212,PKG0056,2,2024-05-31
USR0381,PKG0047,3,2024-04-20
USR0049,PKG0020,3,2025-04-04
USR0348,PKG0004,4,2024-05-09
USR0398,PKG0042,2,2024-06-01
USR0147,PKG0015,4,2024-03-16
USR0041,PKG0025,5,2024-10-16
USR0386,PKG0006,4,2024-12-06
USR0276,PKG0017,5,2024-11-23
USR0356,PKG0028,4,2025-08-16
USR0367,PKG0028,4,2024-09-01
USR0059,PKG0013,3,2025-05-08
USR0271,PKG0060,3,2025-03-21
USR0052,PKG0055,4,2025-02-23
USR0372,PKG0041,3,2024-05-05
USR0210,PKG0011,5,2025-10-21
USR0307,PKG0049,4,2025-11-15
USR0024,PKG0002,3,2025-11-18
USR0281,PKG0043,4,2025-07-19
USR0042,PKG0039,3,2025-08-24
USR0268,PKG0031,4,2024-11-05
USR0393,PKG0042,4,2024-08-02
USR0148,PKG0003,3,2025-04-29
USR0278,PKG0057,4,2025-11-02
USR0072,PKG0052,4,2024-02-04
USR0391,PKG0025,4,2025-01-07
USR0114,PKG0049,4,2024-06-09
USR0328,PKG0042,4,2025-02-04
USR0211,PKG0005,3,2024-07-15
USR0040,PKG0045,4,2024-12-19
USR0109,PKG0020,5,2024-03-08
USR0383,PKG0045,3,2024-02-20
USR0102,PKG0060,5,2024-02-02
USR0331,PKG0017,5,2024-09-15
USR0275,PKG0031,4,2025-02-02
USR0075,PKG0038,4,2024-07-10
USR0251,PKG0037,2,2025-05-24
USR0085,PKG0038,4,2025-04-19
USR0267,PKG0023,4,2025-11-05
USR0333,PKG0054,4,2025-02-11
USR0263,PKG0030,2,2024-11-27
USR0153,PKG0023,3,2025-04-05
USR0238,PKG0036,4,2024-05-16
USR0036,PKG0028,3,2024-11-30
USR0173,PKG0043,3,2025-03-08
USR0379,PKG0005,1,2025-11-05
USR0134,PKG0018,4,2024-11-18
USR0069,PKG0022,4,2025-08-03
USR0346,PKG0041,4,2024-07-07
USR0315,PKG0022,3,2024-01-08
USR0226,PKG0019,3,2024-06-17
USR0253,PKG0013,3,2024-09-13
USR0206,PKG0025,3,2025-03-01
USR0352,PKG0056,5,2024-04-05
USR0332,PKG0001,3,2025-05-13
USR0356,PKG0020,5,2024-12-08
USR0348,PKG0006,5,2024-05-31
USR0052,PKG0048,3,2024-02-13
USR0363,PKG0046,5,2024-05-23
USR0130,PKG0001,4,2024-09-02
USR0184,PKG0006,3,2025-06-09
USR0116,PKG0055,3,2025-09-10
USR0066,PKG0020,2,2025-05-22
USR0394,PKG0060,2,2024-10-11
USR0305,PKG0021,3,2024-07-26
USR0233,PKG0001,4,2024-07-03
USR0154,PKG0031,3,2025-03-03
USR0354,PKG0010,4,2024-02-09
USR0355,PKG0038,4,2024-01-10
USR0133,PKG0037,5,2025-10-08
USR0352,PKG0034,3,2025-01-04
USR0039,PKG0051,3,2024-12-17
USR0392,PKG0048,4,2025-09-21
USR0176,PKG0014,3,2025-01-16
USR0317,PKG0054,4,2024-12-11
USR0260,PKG0031,4,2024-01-03
USR0342,PKG0001,3,2024-04-17
USR0154,PKG0055,3,2025-05-09
USR0300,PKG0040,4,2025-05-28
USR0192,PKG0024,3,2024-07-25
USR0264,PKG0028,4,2024-08-04
USR0258,PKG0060,3,2024-05-31
USR0265,PKG0028,4,2024-12-06
USR0316,PKG0030,4,2025-11-27
USR0324,PKG0043,3,2025-11-05
USR0278,PKG0038,4,2025-06-01
USR0115,PKG0036,5,2024-10-07
USR0217,PKG0036,5,2025-06-27
USR0282,PKG0015,4,2025-02-04
USR0186,PKG0033,4,2025-06-25
USR0102,PKG0040,3,2025-08-27
USR0116,PKG0024,4,2025-09-19
USR0116,PKG0015,3,2025-09-18
USR0032,PKG0051,2,2024-07-20
USR0335,PKG0044,5,2025-03-21
USR0246,PKG0059,5,2024-02-10
USR0389,PKG0006,2,2025-04-10
USR0227,PKG0001,4,2025-08-28
USR0334,PKG0051,3,2025-07-14
USR0278,PKG0011,4,2024-10-24
USR0338,PKG0031,5,2025-07-05
USR0191,PKG0047,4,2025-04-12
USR0287,PKG0013,3,2024-02-15
USR0274,PKG0041,2,2024-10-18
USR0115,PKG0005,4,2024-12-06
USR0154,PKG0056,4,2024-01-19
USR0022,PKG0019,3,2025-02-21
USR0258,PKG0052,5,2025-08-26
USR0377,PKG0031,3,2025-10-04
USR0086,PKG0016,1,2024-03-05
USR0026,PKG0015,4,2025-04-30
USR0014,PKG0021,5,2025-03-03
USR0304,PKG0021,4,2025-04-19
USR0310,PKG0037,3,2025-09-15
USR0385,PKG0009,4,2025-08-08
USR0394,PKG0058,5,2024-08-24
USR0346,PKG0001,4,2024-11-18
USR0316,PKG0028,3,2025-08-28
USR0281,PKG0052,5,2024-08-16
USR0186,PKG0018,3,2025-04-05
USR0359,PKG0007,3,2024-09-28
USR0068,PKG0043,3,2024-11-03
USR0242,PKG0020,3,2025-10-29
USR0162,PKG0049,3,2024-02-09
USR0157,PKG0019,5,2024-08-22
USR0056,PKG0019,4,2025-11-15
USR0064,PKG0028,5,2025-08-16
USR0125,PKG0006,3,2024-09-17
USR0079,PKG0032,2,2025-02-08
USR0361,PKG0040,4,2024-09-28
USR0030,PKG0034,4,2024-01-05
USR0309,PKG0019,4,2025-06-27
USR0026,PKG0047,5,2024-08-22
USR0229,PKG0043,2,2024-02-11
USR0276,PKG0024,5,2024-08-15
USR0046,PKG0031,4,2025-04-05
USR0116,PKG0016,4,2024-09-01
USR0059,PKG0048,3,2025-02-10
USR0243,PKG0049,5,2024-01-03
USR0045,PKG0013,5,2025-03-16
USR0038,PKG0043,4,2024-02-18
USR0212,PKG0043,3,2024-03-18
USR0015,PKG0031,3,2024-10-07
USR0174,PKG0003,2,2025-07-02
USR0242,PKG0051,3,2025-07-13
USR0007,PKG0047,3,2025-03-02
USR0157,PKG0059,2,2024-01-17
USR0103,PKG0040,3,2025-05-28
USR0125,PKG0060,2,2025-10-17
USR0027,PKG0026,4,2024-11-09
USR0097,PKG0016,3,2025-09-06
USR0110,PKG0027,2,2025-11-10
USR0331,PKG0045,4,2024-02-22
USR0396,PKG0032,4,2025-05-23
USR0018,PKG0054,2,2025-08-17
USR0005,PKG0005,5,2024-08-06
USR0380,PKG0042,4,2025-06-30
USR0260,PKG0033,3,2025-11-08
USR0297,PKG0052,5,2025-07-19
USR0221,PKG0036,4,2024-10-21
USR0266,PKG0045,3,2024-04-28
USR0053,PKG0031,2,2024-08-28
USR0386,PKG0014,3,2025-02-02
USR0115,PKG0034,3,2025-07-28
USR0238,PKG0019,2,2024-12-02
USR0193,PKG0057,3,2024-06-30
USR0128,PKG0032,5,2025-07-12
USR0300,PKG0002,5,2025-11-02
USR0021,PKG0016,2,2024-07-24
USR0014,PKG0007,4,2024-01-15
USR0323,PKG0058,5,2025-03-15
USR0196,PKG0001,5,2024-03-22
USR0305,PKG0038,5,2024-12-02
USR0048,PKG0031,4,2025-10-24
USR0006,PKG0051,5,2024-09-08
USR0343,PKG0018,3,2025-05-06
USR0127,PKG0049,4,2024-01-22
USR0232,PKG0014,4,2024-04-11
USR0152,PKG0024,4,2024-05-12
USR0098,PKG0020,4,2024-09-21
USR0254,PKG0032,3,2024-06-22
USR0178,PKG0011,4,2025-11-04
USR0237,PKG0016,3,2024-10-26
USR0202,PKG0029,4,2025-11-18
USR0034,PKG0001,4,2024-09-20
USR0288,PKG0003,3,2025-03-01
USR0092,PKG0055,4,2024-06-14
USR0222,PKG0028,4,2025-03-12
USR0373,PKG0033,4,2024-07-27
USR0135,PKG0056,4,2024-06-16
USR0118,PKG0045,3,2025-01-05
USR0124,PKG0010,3,2024-04-09
USR0225,PKG0050,5,2024-10-22
USR0016,PKG0028,5,2024-11-12
USR0308,PKG0030,4,2025-07-09
USR0342,PKG0036,3,2025-07-15
USR0260,PKG0005,5,2025-10-16
USR0115,PKG0002,3,2024-03-11
USR0388,PKG0049,3,2024-03-19
USR0258,PKG0005,1,2024-06-08
USR0047,PKG0034,5,2024-05-04
USR0359,PKG0048,4,2024-01-04
USR0003,PKG0055,5,2024-09-02
USR0017,PKG0016,4,2024-03-08
USR0328,PKG0035,4,2024-10-03
USR0044,PKG0020,5,2024-07-02
USR0077,PKG0049,5,2024-04-26
USR0243,PKG0015,3,2025-04-07
USR0239,PKG0025,3,2024-12-11
USR0035,PKG0018,3,2024-05-04
USR0316,PKG0033,5,2025-05-27
USR0376,PKG0038,3,2025-07-01
USR0173,PKG0003,3,2025-04-21
USR0020,PKG0010,5,2025-06-07
USR0370,PKG0021,5,2024-05-05
USR0372,PKG0014,1,2025-05-07
USR0024,PKG0027,5,2025-11-15
USR0081,PKG0008,5,2025-09-21
USR0097,PKG0022,4,2024-10-11
USR0053,PKG0039,4,2024-03-26
USR0288,PKG0019,2,2024-12-30
USR0130,PKG0003,4,2024-04-04
USR0364,PKG0047,2,2024-12-27
USR0365,PKG0041,4,2024-06-29
USR0183,PKG0029,3,2025-02-01
USR0110,PKG0054,3,2024-07-12
USR0056,PKG0040,4,2025-07-12
USR0124,PKG0017,4,2024-09-13
USR0100,PKG0019,5,2024-01-19
USR0161,PKG0045,3,2025-09-27
USR0084,PKG0034,5,2024-03-29
USR0056,PKG0008,4,2024-03-05
USR0124,PKG0060,4,2024-06-15
USR0191,PKG0024,5,2024-05-29
USR0140,PKG0032,3,2024-12-16
USR0205,PKG0047,5,2024-06-13
USR0145,PKG0032,3,2025-06-18
USR0014,PKG0030,1,2025-07-01
USR0153,PKG0030,3,2024-07-17
USR0335,PKG0027,5,2025-05-05
USR0079,PKG0023,4,2025-10-08
USR0362,PKG0048,4,2024-12-25
USR0151,PKG0041,4,2024-01-31
USR0190,PKG0050,3,2024-12-14
USR0005,PKG0013,4,2025-02-02
USR0231,PKG0028,5,2025-03-18
USR0134,PKG0031,2,2024-04-16
USR0008,PKG0050,5,2025-06-08
USR0262,PKG0040,4,2025-02-16
USR0363,PKG0030,5,2024-08-05
USR0376,PKG0034,5,2024-06-20
USR0192,PKG0060,2,2024-07-13
USR0137,PKG0006,3,2025-09-27
USR0226,PKG0057,2,2025-10-14
USR0382,PKG0009,4,2025-05-10
USR0288,PKG0009,4,2025-08-23
USR0016,PKG0059,5,2024-03-09
USR0120,PKG0018,3,2024-08-20
USR0386,PKG0047,5,2025-11-03
USR0207,PKG0043,3,2025-05-21
USR0327,PKG0002,3,2025-07-24
USR0314,PKG0010,5,2025-04-13
USR0226,PKG0032,3,2025-01-31
USR0233,PKG0037,5,2024-11-25
USR0360,PKG0032,3,2025-10-19
USR0234,PKG0041,4,2025-01-12
USR0357,PKG0057,4,2024-07-22
USR0291,PKG0011,3,2024-02-12
USR0361,PKG0006,5,2024-02-07
USR0259,PKG0049,4,2025-04-08
USR0109,PKG0025,2,2024-07-11
USR0244,PKG0031,5,2024-01-04
USR0098,PKG0034,3,2025-08-07
USR0023,PKG0005,5,2024-12-29
USR0111,PKG0028,4,2024-01-18
USR0059,PKG0055,3,2025-11-11
USR0003,PKG0029,3,2025-01-16
USR0146,PKG0049,4,2025-10-26
USR0066,PKG0012,4,2024-12-12
USR0072,PKG0007,4,2025-03-01
USR0399,PKG0043,5,2024-01-08
USR0134,PKG0024,4,2024-11-18
USR0041,PKG0042,5,2025-04-19
USR0311,PKG0035,4,2024-03-28
USR0258,PKG0044,3,2024-05-17
USR0093,PKG0048,4,2024-04-08
USR0193,PKG0040,5,2025-08-31
USR0306,PKG0041,5,2025-06-17
USR0092,PKG0049,4,2025-07-28
USR0032,PKG0036,2,2024-04-29
USR0369,PKG0056,4,2025-08-30
USR0160,PKG0058,4,2024-05-19
USR0174,PKG0009,5,2025-04-29
USR0303,PKG0040,3,2025-05-21
USR0073,PKG0051,4,2025-07-20
USR0079,PKG0016,5,2025-07-18
USR0169,PKG0001,3,2024-12-14
USR0172,PKG0023,4,2024-05-02
USR0349,PKG0004,4,2025-10-01
USR0297,PKG0045,3,2024-02-03
USR0033,PKG0016,5,2025-10-15
USR0364,PKG0004,4,2024-11-20
USR0377,PKG0007,4,2024-09-08
USR0372,PKG0052,2,2024-11-15
USR0235,PKG0004,5,2025-07-03
USR0324,PKG0059,5,2025-03-11
USR0294,PKG0042,4,2024-10-27
USR0114,PKG0028,4,2024-02-09
USR0052,PKG0033,4,2024-04-19
USR0256,PKG0039,3,2024-02-26
USR0183,PKG0044,4,2024-11-03
USR0113,PKG0049,5,2025-11-11
USR0019,PKG0050,2,2024-05-20
USR0154,PKG0010,3,2024-09-21
USR0314,PKG0049,5,2025-01-23
USR0015,PKG0007,3,2024-06-05
USR0013,PKG0012,5,2024-10-14
USR0098,PKG0031,5,2024-12-14
USR0035,PKG0058,3,2025-02-25
USR0156,PKG0005,3,2024-03-17
USR0054,PKG0021,3,2025-06-27
USR0195,PKG0037,5,2025-01-07
USR0323,PKG0010,3,2024-03-17
USR0062,PKG0042,5,2025-05-25
USR0098,PKG0025,5,2024-11-11
USR0372,PKG0010,3,2024-11-03
USR0156,PKG0024,4,2025-02-20
USR0080,PKG0038,2,2024-01-24
USR0196,PKG0034,4,2024-01-27
USR0172,PKG0015,2,2024-10-18
USR0163,PKG0038,5,2024-12-01
USR0309,PKG0056,3,2024-07-08
USR0394,PKG0057,2,2024-04-05
USR0212,PKG0048,4,2024-05-20
USR0125,PKG0016,1,2025-06-21
USR0275,PKG0014,3,2025-09-09
USR0166,PKG0028,5,2025-09-05
USR0188,PKG0047,4,2024-04-12
USR0008,PKG0036,4,2025-01-06
USR0267,PKG0001,4,2024-04-26
USR0274,PKG0032,4,2024-04-07
USR0257,PKG0005,5,2024-09-27
USR0308,PKG0011,4,2024-12-07
USR0181,PKG0047,3,2024-11-21
USR0046,PKG0051,4,2024-05-06
USR0220,PKG0050,4,2024-07-06
USR0140,PKG0015,3,2025-08-13
USR0190,PKG0048,5,2024-08-05
USR0334,PKG0038,5,2025-08-19
USR0154,PKG0024,3,2024-03-21
USR0267,PKG0022,5,2024-08-25
USR0133,PKG0052,5,2024-02-20
USR0358,PKG0028,4,2024-10-10
USR0308,PKG0046,5,2024-11-14
USR0047,PKG0025,3,2025-07-17
USR0339,PKG0057,4,2025-07-08
USR0082,PKG0014,4,2024-03-22
USR0380,PKG0015,5,2025-07-16
USR0251,PKG0027,3,2025-08-14
USR0092,PKG0019,4,2025-07-13
USR0284,PKG0043,3,2024-10-31
USR0060,PKG0054,5,2025-07-19
USR0351,PKG0015,3,2025-11-04
USR0383,PKG0002,5,2024-10-31
USR0133,PKG0008,4,2024-04-12
USR0370,PKG0042,5,2025-02-17
USR0116,PKG0007,2,2024-02-11
USR0269,PKG0028,4,2024-11-15
USR0243,PKG0051,3,2025-03-06
USR0380,PKG0020,3,2024-04-05
USR0286,PKG0018,3,2025-11-04
USR0061,PKG0041,4,2024-12-07
USR0117,PKG0028,3,2024-10-02
USR0284,PKG0053,4,2024-02-23
USR0269,PKG0049,4,2024-05-20
USR0242,PKG0044,3,2024-03-11
USR0166,PKG0033,4,2024-04-06
USR0382,PKG0027,3,2025-08-25
USR0214,PKG0015,5,2024-01-05
USR0173,PKG0024,3,2024-04-19
USR0015,PKG0041,5,2025-05-03
USR0062,PKG0020,3,2024-02-13
USR0008,PKG0051,3,2025-04-25
USR0280,PKG0005,4,2025-01-04
USR0018,PKG0056,2,2025-02-19
USR0132,PKG0006,5,2025-07-08
USR0254,PKG0045,4,2024-04-19
USR0169,PKG0023,4,2024-09-27
USR0160,PKG0015,4,2024-06-11
USR0040,PKG0034,5,2025-08-28
USR0115,PKG0001,2,2025-07-28
USR0267,PKG0040,4,2024-09-10
USR0221,PKG0033,5,2024-03-24
USR0363,PKG0028,4,2024-12-08
USR0355,PKG0050,2,2024-06-21
USR0356,PKG0060,3,2024-07-08
USR0351,PKG0008,5,2025-10-26
USR0381,PKG0054,4,2025-08-05
USR0236,PKG0009,3,2024-04-16
USR0333,PKG0021,4,2025-10-07
USR0305,PKG0016,2,2024-01-18
USR0214,PKG0006,2,2025-04-26
USR0232,PKG0025,3,2024-08-11
USR0397,PKG0018,5,2024-05-09
USR0053,PKG0027,4,2024-06-22
USR0232,PKG0010,4,2025-11-29
USR0018,PKG0038,2,2025-06-05
USR0008,PKG0008,4,2024-09-01
USR0212,PKG0018,3,2025-02-21
USR0189,PKG0052,3,2024-01-06
USR0381,PKG0011,4,2025-11-28
USR0289,PKG0022,4,2025-06-19
USR0267,PKG0050,3,2024-10-06
USR0173,PKG0012,3,2025-08-13
USR0310,PKG0017,1,2024-07-11
USR0027,PKG0022,2,2025-05-19
USR0132,PKG0015,3,2025-07-14
USR0345,PKG0044,5,2024-08-31
USR0031,PKG0017,3,2024-03-01
USR0331,PKG0044,4,2025-03-16
USR0147,PKG0010,5,2024-08-04
USR0090,PKG0014,4,2025-09-19
USR0009,PKG0036,3,2025-11-13
USR0081,PKG0036,5,2025-02-01
USR0214,PKG0035,3,2024-07-16
USR0051,PKG0010,4,2025-06-24
USR0225,PKG0057,4,2024-10-26
USR0134,PKG0008,4,2024-12-18
USR0133,PKG0006,5,2024-05-19
USR0196,PKG0059,4,2025-02-18
USR0295,PKG0043,4,2025-08-27
USR0189,PKG0038,5,2025-02-25
USR0325,PKG0054,3,2025-08-15
USR0311,PKG0010,4,2024-10-21
USR0080,PKG0045,4,2024-10-02
USR0347,PKG0047,4,2024-09-12
USR0203,PKG0020,4,2025-09-23
USR0350,PKG0028,4,2024-05-07
USR0162,PKG0015,5,2025-03-06
USR0379,PKG0006,4,2024-09-18
USR0076,PKG0053,3,2025-10-25
USR0365,PKG0020,3,2025-09-11
USR0316,PKG0008,3,2025-05-24
USR0020,PKG0016,4,2024-01-02
USR0245,PKG0046,1,2024-04-27
USR0347,PKG0028,3,2025-02-19
USR0204,PKG0019,5,2025-08-27
USR0221,PKG0038,4,2024-07-14
USR0350,PKG0022,4,2024-09-16
USR0317,PKG0002,5,2024-05-11
USR0318,PKG0019,3,2025-08-13
USR0220,PKG0039,3,2024-07-07
USR0011,PKG0030,4,2025-10-18
USR0028,PKG0042,1,2025-08-17
USR0015,PKG0056,4,2024-05-02
USR0256,PKG0033,3,2025-11-18
USR0251,PKG0050,5,2024-09-11
USR0362,PKG0059,3,2024-05-15
USR0218,PKG0019,3,2024-02-11
USR0002,PKG0056,4,2024-08-24
USR0339,PKG0016,3,2024-09-12
USR0108,PKG0039,3,2024-02-17
USR0034,PKG0020,4,2024-03-14
USR0117,PKG0020,4,2025-12-01
USR0272,PKG0031,3,2025-02-08
USR0143,PKG0022,4,2024-05-16
USR0052,PKG0060,5,2024-08-11
USR0263,PKG0020,4,2024-10-10
USR0132,PKG0039,2,2024-04-25
USR0382,PKG0024,4,2025-08-11
USR0381,PKG0004,3,2024-01-03
USR0208,PKG0041,5,2025-10-29
USR0118,PKG0043,4,2024-08-03
USR0180,PKG0008,4,2024-04-23
USR0206,PKG0059,3,2024-01-15
USR0310,PKG0007,4,2025-02-27
USR0239,PKG0044,2,2024-04-19
USR0097,PKG0034,3,2024-12-15
USR0382,PKG0017,5,2024-07-30
USR0149,PKG0052,3,2025-04-02
USR0377,PKG0035,5,2024-05-27
USR0192,PKG0056,3,2024-05-30
USR0364,PKG0034,3,2025-10-25
USR0222,PKG0056,4,2024-05-06
USR0164,PKG0041,3,2025-01-12
USR0344,PKG0043,4,2024-11-28
USR0148,PKG0053,3,2025-02-24
USR0280,PKG0052,4,2025-01-22
USR0232,PKG0045,5,2025-11-06
USR0017,PKG0057,4,2025-06-15
USR0375,PKG0028,4,2025-11-27
USR0351,PKG0017,3,2024-10-08
USR0176,PKG0028,3,2025-03-30
USR0398,PKG0056,4,2025-11-10
USR0374,PKG0041,2,2024-07-25
USR0021,PKG0060,3,2025-10-12
USR0254,PKG0054,3,2024-05-29
USR0100,PKG0054,5,2024-07-30
USR0285,PKG0006,5,2025-02-02
USR0277,PKG0012,2,2024-12-27
USR0194,PKG0025,3,2024-07-11
USR0243,PKG0010,4,2025-11-12
USR0121,PKG0038,4,2025-11-09
USR0253,PKG0015,3,2024-09-05
USR0071,PKG0005,5,2025-05-16
USR0140,PKG0044,3,2025-05-15
USR0165,PKG0015,5,2024-10-07
USR0028,PKG0013,4,2025-03-23
USR0395,PKG0001,3,2024-02-20
USR0376,PKG0016,3,2024-09-15
USR0067,PKG0053,3,2024-01-04
USR0150,PKG0029,5,2025-03-19
USR0218,PKG0002,4,2025-04-19
USR0359,PKG0043,4,2024-06-11
USR0040,PKG0052,2,2024-03-03
USR0111,PKG0022,3,2024-03-02
USR0400,PKG0030,3,2025-04-14
USR0134,PKG0032,3,2025-06-20
USR0088,PKG0057,3,2024-10-23
USR0233,PKG0002,3,2024-07-27
USR0049,PKG0042,4,2025-02-27
USR0167,PKG0041,5,2024-04-23
USR0116,PKG0021,4,2024-10-21
USR0265,PKG0031,3,2024-05-24
USR0125,PKG0014,3,2024-10-17
USR0150,PKG0027,3,2024-10-13
USR0235,PKG0055,4,2024-06-30
USR0265,PKG0019,5,2025-03-12
USR0225,PKG0022,3,2024-01-15
USR0151,PKG0045,3,2025-04-29
USR0155,PKG0023,4,2025-06-26
USR0008,PKG0006,5,2024-03-07
USR0219,PKG0037,3,2025-08-23
USR0017,PKG0049,3,2025-04-10
USR0397,PKG0051,3,2024-12-22
USR0149,PKG0005,3,2024-11-06
USR0219,PKG0047,3,2025-10-21
USR0181,PKG0059,4,2024-08-17
USR0290,PKG0007,3,2025-04-05
USR0125,PKG0045,2,2024-07-24
USR0087,PKG0059,5,2024-10-09
USR0092,PKG0016,5,2025-05-03
USR0373,PKG0006,4,2025-02-03
USR0373,PKG0028,5,2024-10-03
USR0030,PKG0057,4,2024-06-13
USR0094,PKG0058,2,2025-05-06
USR0145,PKG0054,4,2024-08-13
USR0291,PKG0041,3,2025-03-24
USR0376,PKG0005,2,2024-05-16
USR0159,PKG0006,4,2024-01-18
USR0167,PKG0042,3,2024-08-28
USR0003,PKG0044,3,2025-10-22
USR0326,PKG0002,4,2025-05-12
USR0073,PKG0028,5,2025-01-28
USR0326,PKG0037,3,2024-08-12
USR0308,PKG0051,3,2025-07-18
USR0334,PKG0052,3,2025-06-05
USR0088,PKG0010,3,2025-10-19
USR0291,PKG0051,5,2024-05-28
USR0236,PKG0051,3,2024-04-22
USR0246,PKG0030,4,2024-10-01
USR0136,PKG0038,5,2025-01-14
USR0247,PKG0025,5,2025-06-18
USR0187,PKG0048,3,2024-09-17
USR0043,PKG0052,4,2024-04-11
USR0231,PKG0007,3,2024-10-05
USR0230,PKG0017,3,2025-11-05
USR0202,PKG0002,4,2025-06-12
USR0124,PKG0028,5,2024-11-13
USR0089,PKG0028,5,2025-02-17
USR0272,PKG0024,4,2024-01-21
USR0056,PKG0031,3,2024-03-05
USR0068,PKG0001,3,2025-08-03
USR0202,PKG0009,4,2024-04-19
USR0100,PKG0037,4,2024-09-04
USR0019,PKG0043,3,2024-10-16
USR0224,PKG0040,5,2024-09-15
USR0143,PKG0048,4,2024-09-07
USR0151,PKG0037,5,2025-11-15
USR0031,PKG0055,5,2025-07-23
USR0238,PKG0025,4,2025-09-20
USR0085,PKG0015,4,2025-08-11
USR0027,PKG0044,3,2025-06-26
USR0019,PKG0034,4,2024-07-06
USR0204,PKG0034,4,2025-10-04
USR0072,PKG0030,3,2025-05-23
USR0334,PKG0019,4,2025-06-25
USR0086,PKG0003,2,2024-01-04
USR0298,PKG0033,4,2024-06-01
USR0103,PKG0031,4,2024-01-21
USR0286,PKG0054,3,2024-12-01
USR0316,PKG0048,4,2025-07-21
USR0096,PKG0016,2,2025-03-05
USR0375,PKG0022,3,2025-08-04
USR0209,PKG0038,3,2024-12-15
USR0159,PKG0042,3,2024-01-02
USR0346,PKG0034,3,2025-05-07
USR0211,PKG0053,4,2024-07-17
USR0381,PKG0029,3,2024-07-10
USR0323,PKG0059,2,2024-04-21
USR0241,PKG0002,3,2024-11-09
USR0245,PKG0028,2,2025-03-11
USR0351,PKG0031,2,2024-09-14
USR0057,PKG0003,3,2024-10-05
USR0395,PKG0038,5,2025-08-23
USR0146,PKG0016,3,2024-07-23
USR0186,PKG0005,5,2025-10-05
USR0180,PKG0034,2,2025-02-15
USR0350,PKG0030,5,2025-11-16
USR0377,PKG0043,5,2025-09-08
USR0211,PKG0010,4,2025-08-01
USR0170,PKG0012,3,2025-07-31
USR0244,PKG0015,3,2024-12-31
USR0045,PKG0057,5,2024-04-08
USR0025,PKG0021,5,2025-01-24
USR0262,PKG0008,4,2025-04-28
USR0004,PKG0028,3,2025-10-01
USR0104,PKG0038,4,2024-07-19
USR0216,PKG0043,3,2024-09-07
USR0327,PKG0041,3,2024-11-28
USR0239,PKG0037,5,2024-02-16
USR0073,PKG0041,4,2024-12-10
USR0149,PKG0037,4,2024-12-31
USR0315,PKG0046,2,2025-04-27
USR0132,PKG0046,5,2024-09-03
USR0024,PKG0010,3,2025-06-29
USR0141,PKG0039,2,2024-12-07
USR0167,PKG0049,3,2025-05-19
USR0193,PKG0033,3,2024-08-21
USR0107,PKG0008,1,2025-03-17
USR0111,PKG0043,3,2025-07-29
USR0298,PKG0028,4,2024-01-17
USR0261,PKG0060,2,2024-03-19
USR0375,PKG0008,3,2024-04-15
USR0196,PKG0024,3,2025-08-01
USR0079,PKG0020,4,2024-05-20
USR0050,PKG0017,3,2024-08-24
USR0190,PKG0004,5,2025-02-24
USR0106,PKG0023,3,2024-02-14
USR0143,PKG0006,3,2024-07-28
USR0197,PKG0027,4,2025-04-23
USR0041,PKG0018,4,2025-02-26
USR0386,PKG0030,4,2025-07-01
USR0158,PKG0011,5,2024-03-15
USR0286,PKG0041,4,2024-04-15
USR0106,PKG0007,3,2025-11-28
USR0387,PKG0036,5,2025-07-15
USR0245,PKG0019,3,2025-03-27
USR0384,PKG0043,2,2024-05-18
USR0030,PKG0027,5,2024-08-14
USR0062,PKG0059,4,2024-08-07
USR0291,PKG0059,5,2024-08-11
USR0101,PKG0005,4,2025-01-14
USR0106,PKG0014,3,2024-04-09
USR0316,PKG0025,3,2024-02-07
USR0222,PKG0006,5,2024-09-19
USR0035,PKG0056,4,2024-01-12
USR0164,PKG0008,4,2025-08-24
USR0279,PKG0035,2,2025-02-22
USR0075,PKG0004,4,2024-05-03
USR0073,PKG0043,3,2024-10-14
USR0208,PKG0060,5,2025-10-20
USR0373,PKG0010,5,2025-08-25
USR0036,PKG0031,5,2025-04-05
USR0138,PKG0016,2,2024-08-02
USR0182,PKG0020,1,2024-04-05
USR0127,PKG0003,5,2024-12-14
USR0128,PKG0026,5,2024-08-30
USR0359,PKG0031,3,2025-09-18
USR0301,PKG0045,3,2024-05-01
USR0067,PKG0031,4,2024-04-05
USR0298,PKG0023,3,2024-09-13
USR0331,PKG0034,3,2025-09-04
USR0142,PKG0037,3,2025-07-03
USR0007,PKG0001,3,2025-10-06
USR0338,PKG0035,4,2024-09-03
USR0076,PKG0036,3,2024-02-15
USR0305,PKG0001,3,2025-05-02
USR0293,PKG0039,4,2024-10-10
USR0392,PKG0031,5,2025-07-08
USR0078,PKG0034,4,2024-06-20
USR0131,PKG0038,5,2025-11-04
USR0284,PKG0014,5,2024-01-07
USR0363,PKG0047,4,2025-05-16
USR0083,PKG0027,5,2024-08-09
USR0255,PKG0043,4,2025-02-25
USR0024,PKG0030,5,2024-12-04
USR0207,PKG0031,4,2024-04-12
USR0047,PKG0016,3,2024-03-31
USR0063,PKG0016,3,2025-05-30
USR0355,PKG0043,4,2025-08-19
USR0066,PKG0031,3,2024-08-22
USR0120,PKG0048,4,2025-08-12
USR0105,PKG0058,5,2024-10-11
USR0122,PKG0027,5,2024-01-01
USR0352,PKG0037,4,2025-03-13
USR0045,PKG0037,3,2024-12-23
USR0298,PKG0005,3,2024-12-31
USR0400,PKG0012,4,2025-04-08
USR0231,PKG0013,4,2025-07-23
USR0145,PKG0037,5,2024-06-17
USR0056,PKG0042,4,2024-01-28
USR0002,PKG0051,4,2024-04-09
USR0030,PKG0008,5,2025-10-04
USR0395,PKG0006,4,2025-08-08
USR0177,PKG0036,5,2024-01-22
USR0326,PKG0027,3,2025-11-14
USR0310,PKG0060,3,2024-10-08
USR0376,PKG0036,2,2024-07-16
USR0196,PKG0008,2,2024-06-25
USR0356,PKG0041,3,2024-06-09
USR0127,PKG0035,5,2024-08-27
USR0335,PKG0026,4,2024-02-16
USR0215,PKG0053,2,2024-07-02
USR0048,PKG0026,4,2024-07-19
USR0068,PKG0057,3,2024-08-02
USR0296,PKG0059,5,2024-07-21
USR0047,PKG0049,4,2024-05-15
USR0285,PKG0045,3,2024-10-29
USR0051,PKG0016,5,2025-04-16
USR0016,PKG0035,4,2024-03-03
USR0358,PKG0047,2,2025-11-08
USR0215,PKG0030,4,2025-04-05
USR0294,PKG0058,2,2024-08-19
USR0039,PKG0027,5,2025-09-25
USR0204,PKG0056,2,2024-05-17
USR0282,PKG0028,3,2024-02-02
USR0180,PKG0021,5,2024-04-30
USR0038,PKG0017,5,2024-07-28
USR0115,PKG0052,4,2025-01-10
USR0346,PKG0012,3,2025-10-04
USR0374,PKG0047,3,2024-11-02
USR0185,PKG0030,5,2025-03-18
USR0033,PKG0034,4,2024-06-06
USR0298,PKG0054,5,2024-03-05
USR0357,PKG0059,3,2024-06-11
USR0350,PKG0034,5,2025-04-30
USR0096,PKG0059,5,2025-01-22
USR0368,PKG0011,3,2024-01-08
USR0061,PKG0021,5,2024-06-24
USR0029,PKG0037,3,2025-01-18
USR0354,PKG0053,5,2024-02-05
USR0234,PKG0011,3,2025-06-29
USR0091,PKG0028,3,2024-06-28
USR0279,PKG0010,3,2025-12-01
USR0045,PKG0041,4,2025-03-06
USR0075,PKG0034,2,2024-04-21
USR0251,PKG0046,4,2024-03-27
USR0274,PKG0022,5,2024-06-10
USR0341,PKG0004,4,2024-08-04
USR0121,PKG0015,5,2024-03-15
USR0007,PKG0038,4,2024-06-06
USR0215,PKG0041,3,2025-03-01
USR0160,PKG0010,3,2024-04-21
USR0095,PKG0012,4,2025-03-21
USR0136,PKG0044,3,2024-08-22
USR0219,PKG0042,2,2024-06-19
USR0281,PKG0013,4,2024-09-29
USR0248,PKG0043,3,2025-06-16
USR0380,PKG0056,1,2025-07-22
USR0287,PKG0043,5,2025-11-24
USR0270,PKG0008,5,2025-06-27
USR0037,PKG0030,3,2025-08-28
USR0087,PKG0008,3,2025-08-22
USR0135,PKG0026,4,2024-12-03
USR0078,PKG0043,5,2025-04-08
USR0176,PKG0042,4,2024-06-10
USR0220,PKG0021,4,2025-08-31
USR0245,PKG0059,3,2025-06-29
USR0184,PKG0015,4,2025-11-07
USR0124,PKG0055,4,2025-08-03
USR0276,PKG0037,3,2024-08-08
USR0054,PKG0051,4,2025-04-04
USR0201,PKG0005,5,2025-03-11
USR0129,PKG0031,5,2024-06-25
USR0274,PKG0058,3,2025-09-17
USR0006,PKG0053,3,2025-03-31
USR0307,PKG0022,3,2024-10-12
USR0384,PKG0010,3,2024-11-19
USR0364,PKG0041,3,2024-09-23
USR0180,PKG0002,4,2025-09-12
USR0291,PKG0001,5,2024-08-07
USR0149,PKG0039,3,2024-01-21
USR0118,PKG0008,4,2024-07-19
USR0080,PKG0014,4,2025-02-19
USR0355,PKG0041,4,2024-10-29
USR0310,PKG0046,3,2025-01-19
USR0162,PKG0059,4,2025-07-02
USR0170,PKG0022,4,2025-04-21
USR0213,PKG0008,3,2024-04-03
USR0021,PKG0051,4,2025-08-18
USR0269,PKG0012,3,2024-04-28
USR0341,PKG0016,3,2024-05-09
USR0143,PKG0038,2,2024-02-25
USR0055,PKG0015,4,2024-08-23
USR0027,PKG0030,3,2025-06-30
USR0247,PKG0020,3,2024-04-25
USR0164,PKG0017,4,2025-07-27
USR0189,PKG0019,4,2025-05-05
USR0238,PKG0017,4,2025-02-08
USR0065,PKG0047,4,2025-10-27
USR0334,PKG0041,4,2025-08-17
USR0108,PKG0016,3,2024-05-18
USR0342,PKG0010,4,2024-02-24
USR0348,PKG0003,2,2025-06-14
USR0202,PKG0042,4,2024-07-03
USR0089,PKG0058,3,2025-07-05
USR0161,PKG0001,3,2024-08-25
USR0095,PKG0043,5,2024-05-09
USR0374,PKG0037,3,2024-09-03
USR0212,PKG0046,4,2024-02-21
USR0289,PKG0016,4,2025-06-04
USR0284,PKG0058,2,2025-09-13
USR0050,PKG0041,5,2025-07-10
USR0097,PKG0029,5,2024-03-16
USR0149,PKG0030,2,2024-09-04
USR0105,PKG0012,4,2025-07-05
USR0158,PKG0015,3,2025-07-19
USR0097,PKG0030,4,2024-03-26
USR0074,PKG0031,2,2024-12-13
USR0081,PKG0005,4,2025-06-21
USR0313,PKG0020,2,2025-07-04
USR0220,PKG0013,3,2024-04-05
USR0219,PKG0049,4,2024-09-22
USR0033,PKG0035,2,2024-09-24
USR0193,PKG0059,5,2024-12-06
USR0383,PKG0001,4,2025-07-16
USR0178,PKG0029,4,2024-05-19
USR0121,PKG0025,5,2024-07-01
USR0266,PKG0008,5,2024-02-15
USR0026,PKG0010,3,2025-03-13
USR0064,PKG0023,5,2025-05-17
USR0268,PKG0029,3,2024-07-29
USR0221,PKG0023,3,2024-05-23
USR0200,PKG0056,3,2024-08-13
USR0322,PKG0036,4,2025-10-13
USR0014,PKG0060,4,2024-04-01
USR0345,PKG0011,3,2025-06-14
USR0144,PKG0051,4,2024-05-31
USR0082,PKG0012,4,2025-10-01
USR0153,PKG0033,2,2025-03-28
USR0095,PKG0060,4,2024-03-14
USR0112,PKG0023,3,2025-03-08
USR0265,PKG0002,3,2025-10-11
USR0368,PKG0005,3,2025-07-13
USR0398,PKG0027,4,2024-03-23
USR0378,PKG0060,3,2024-11-25
USR0112,PKG0004,3,2025-04-16
USR0267,PKG0046,4,2024-06-17
USR0177,PKG0022,3,2025-11-28
USR0303,PKG0017,4,2024-10-09
USR0056,PKG0024,2,2024-12-11
USR0159,PKG0008,4,2024-01-31
USR0342,PKG0016,5,2024-02-03
USR0238,PKG0020,2,2024-01-12
USR0137,PKG0059,3,2024-01-28
USR0392,PKG0007,2,2025-11-11
USR0329,PKG0018,3,2024-01-25
USR0325,PKG0028,2,2024-02-01
USR0040,PKG0006,3,2024-03-26
USR0348,PKG0014,2,2024-11-26
USR0277,PKG0056,4,2024-06-17
USR0206,PKG0034,4,2025-10-14
USR0089,PKG0030,4,2025-08-22
USR0193,PKG0010,4,2024-03-24
USR0079,PKG0003,3,2024-03-25
USR0003,PKG0001,3,2024-07-13
USR0060,PKG0035,3,2025-05-07
USR0207,PKG0058,4,2024-04-10
USR0260,PKG0040,5,2025-03-25
USR0093,PKG0030,3,2025-07-05
USR0223,PKG0059,4,2025-10-25
USR0074,PKG0029,5,2025-01-15
USR0223,PKG0028,2,2024-02-28
USR0351,PKG0014,3,2025-10-07
USR0154,PKG0054,2,2025-09-11
USR0193,PKG0005,4,2024-01-27
USR0400,PKG0042,4,2024-06-02
USR0015,PKG0003,3,2024-12-27
USR0373,PKG0022,4,2024-11-16
USR0099,PKG0020,3,2025-01-23
USR0016,PKG0038,4,2025-11-19
USR0163,PKG0030,3,2024-04-27
USR0333,PKG0033,4,2025-05-31
USR0053,PKG0014,4,2025-10-23
USR0211,PKG0023,4,2024-10-23
USR0373,PKG0060,4,2024-10-26
USR0158,PKG0031,4,2024-09-24
USR0180,PKG0006,4,2024-06-12
USR0357,PKG0006,2,2024-03-28
USR0176,PKG0045,5,2025-07-12
USR0173,PKG0041,5,2024-05-31
USR0156,PKG0011,4,2025-09-06
USR0037,PKG0021,3,2025-11-15
USR0032,PKG0030,4,2025-08-13
USR0297,PKG0030,4,2025-07-06
USR0065,PKG0015,2,2025-05-03
USR0104,PKG0025,4,2024-10-21
USR0232,PKG0037,4,2025-05-17
USR0292,PKG0009,5,2025-06-18
USR0328,PKG0006,3,2024-03-19
USR0133,PKG0053,4,2024-06-03
USR0100,PKG0007,3,2024-06-28
USR0337,PKG0010,2,2024-10-22
USR0306,PKG0006,5,2025-05-28
USR0104,PKG0031,5,2025-09-28
USR0191,PKG0016,4,2024-02-13
USR0103,PKG0036,2,2024-11-17
USR0360,PKG0017,5,2025-01-23
USR0106,PKG0005,4,2025-04-25
USR0318,PKG0032,4,2024-02-11
USR0112,PKG0028,4,2025-06-03
USR0163,PKG0004,5,2025-03-21
USR0260,PKG0014,4,2025-04-23
USR0044,PKG0028,3,2024-01-27
USR0185,PKG0049,4,2024-02-15
USR0160,PKG0060,3,2025-09-05
USR0383,PKG0043,4,2024-02-20
USR0081,PKG0010,3,2024-01-03
USR0307,PKG0052,3,2025-11-08
USR0107,PKG0025,3,2024-09-24
USR0329,PKG0026,5,2024-09-08
USR0103,PKG0047,4,2025-01-21
USR0203,PKG0049,4,2024-12-19
USR0235,PKG0054,2,2025-10-13
USR0370,PKG0055,4,2024-12-15
USR0234,PKG0034,3,2024-03-31
USR0311,PKG0055,5,2025-01-05
USR0013,PKG0056,4,2025-06-12
USR0186,PKG0010,4,2024-10-08
USR0062,PKG0055,2,2025-06-26
USR0235,PKG0006,5,2024-06-02
USR0310,PKG0056,5,2025-02-18
USR0270,PKG0059,1,2025-01-21
USR0099,PKG0002,3,2025-07-30
USR0219,PKG0053,5,2024-05-05
USR0346,PKG0056,4,2024-08-29
USR0115,PKG0058,3,2025-02-26
USR0246,PKG0044,2,2024-06-01
USR0307,PKG0005,4,2024-10-02
USR0006,PKG0020,4,2025-06-07
USR0263,PKG0010,5,2024-08-21
USR0086,PKG0027,5,2024-11-25
USR0178,PKG0025,5,2025-01-13
USR0373,PKG0031,3,2025-11-08
USR0232,PKG0043,3,2024-02-20
USR0020,PKG0047,4,2025-01-09
USR0147,PKG0002,2,2024-11-13
USR0252,PKG0023,5,2024-06-23
USR0171,PKG0050,5,2025-08-13
USR0168,PKG0060,4,2025-01-19
USR0257,PKG0043,5,2024-02-12
USR0154,PKG0036,4,2025-07-19
USR0214,PKG0008,4,2024-02-10
USR0216,PKG0053,5,2025-10-02
USR0092,PKG0020,4,2025-04-26
USR0274,PKG0042,3,2024-02-24
USR0086,PKG0057,4,2025-02-20
USR0094,PKG0049,4,2024-07-31
USR0142,PKG0002,5,2024-09-03
USR0340,PKG0027,3,2025-02-24
USR0301,PKG0053,3,2025-09-08
USR0102,PKG0028,4,2025-09-20
USR0236,PKG0036,3,2025-07-25
USR0288,PKG0053,4,2025-04-16
USR0170,PKG0009,4,2025-09-24
USR0321,PKG0052,3,2024-12-29
USR0057,PKG0052,4,2024-01-18
USR0250,PKG0027,5,2025-10-01
USR0363,PKG0001,4,2025-10-13
USR0166,PKG0017,5,2025-06-22
USR0093,PKG0045,5,2024-07-08
USR0314,PKG0056,4,2024-05-08
USR0019,PKG0032,4,2024-03-07
USR0276,PKG0015,3,2024-03-03
USR0159,PKG0007,4,2024-10-01
USR0012,PKG0020,4,2024-02-18
USR0110,PKG0052,2,2024-05-05
USR0011,PKG0032,3,2025-02-05
USR0240,PKG0030,3,2024-09-15
USR0336,PKG0010,3,2025-06-25
USR0310,PKG0035,4,2024-05-07
USR0321,PKG0037,3,2025-07-23
USR0020,PKG0037,5,2025-06-25
USR0306,PKG0053,3,2024-01-06
USR0294,PKG0025,3,2024-09-24
USR0301,PKG0060,4,2025-10-02
USR0258,PKG0048,4,2024-09-21
USR0102,PKG0038,4,2025-10-21
USR0164,PKG0036,3,2024-06-30
USR0041,PKG0030,5,2025-07-14
USR0329,PKG0014,3,2025-04-30
USR0076,PKG0031,4,2025-05-25
USR0174,PKG0005,5,2024-09-11
USR0301,PKG0017,5,2025-06-12
USR0283,PKG0006,4,2024-07-17
USR0349,PKG0053,4,2025-01-22
USR0283,PKG0034,3,2024-07-11
USR0315,PKG0051,5,2025-06-25
USR0394,PKG0003,4,2025-10-25
USR0321,PKG0005,4,2024-03-06
USR0001,PKG0037,3,2025-02-13
USR0259,PKG0060,3,2024-10-01
USR0292,PKG0031,4,2024-09-05
USR0082,PKG0040,5,2024-06-07
USR0080,PKG0004,2,2025-11-20
USR0274,PKG0003,5,2024-03-08
USR0122,PKG0059,2,2024-05-24
USR0224,PKG0019,3,2025-02-13
USR0277,PKG0053,4,2025-09-25
USR0328,PKG0019,3,2025-11-25
USR0393,PKG0057,3,2024-10-29
USR0393,PKG0031,4,2024-06-23
USR0028,PKG0025,5,2025-06-18
USR0234,PKG0060,4,2025-08-08
USR0219,PKG0031,3,2025-10-22
USR0237,PKG0031,3,2025-11-16
USR0194,PKG0028,3,2025-11-13
USR0393,PKG0036,4,2024-11-10
USR0371,PKG0001,4,2025-02-21
USR0397,PKG0047,4,2024-10-31
USR0009,PKG0002,4,2024-06-11
USR0092,PKG0005,3,2024-01-22
USR0114,PKG0036,2,2024-09-05
USR0300,PKG0005,4,2025-03-05
USR0159,PKG0039,2,2024-05-13
USR0119,PKG0025,3,2025-01-12
USR0225,PKG0037,3,2025-06-25
USR0036,PKG0011,4,2025-03-17
USR0274,PKG0047,4,2024-08-07
USR0383,PKG0025,4,2024-04-16
USR0093,PKG0043,5,2024-11-13
USR0276,PKG0009,3,2024-09-14
USR0270,PKG0024,5,2024-03-25
USR0038,PKG0016,5,2025-04-18
USR0194,PKG0008,5,2024-02-11
USR0258,PKG0021,4,2025-02-03
USR0064,PKG0043,3,2024-10-25
USR0370,PKG0034,3,2025-10-08
USR0319,PKG0054,5,2025-02-03
USR0256,PKG0053,3,2024-06-09
USR0224,PKG0025,4,2024-12-29
USR0021,PKG0041,5,2025-01-17
USR0255,PKG0042,4,2024-10-24
USR0236,PKG0026,3,2024-02-13
USR0017,PKG0043,2,2024-07-10
USR0169,PKG0010,4,2025-02-16
USR0226,PKG0029,3,2024-08-22
USR0299,PKG0054,4,2025-11-22
USR0106,PKG0009,5,2025-01-12
USR0295,PKG0032,5,2024-12-14
USR0016,PKG0054,1,2025-07-10
USR0001,PKG0006,4,2025-11-30
USR0006,PKG0056,5,2024-07-10
USR0275,PKG0024,3,2024-10-27
USR0343,PKG0046,5,2024-07-15
USR0236,PKG0017,4,2024-01-24
USR0142,PKG0022,2,2025-11-15
USR0292,PKG0040,3,2024-03-27
USR0208,PKG0042,4,2025-04-26
USR0305,PKG0049,3,2025-01-21
USR0395,PKG0025,4,2024-11-11
USR0398,PKG0024,4,2025-02-25
USR0385,PKG0043,5,2024-10-13
USR0357,PKG0011,4,2024-10-24
USR0280,PKG0056,2,2025-06-09
USR0236,PKG0028,2,2025-08-12
USR0144,PKG0054,4,2025-06-27
USR0247,PKG0059,4,2025-06-01
USR0354,PKG0023,5,2024-01-24
USR0017,PKG0006,1,2024-08-19
USR0268,PKG0027,5,2024-04-21
USR0029,PKG0034,3,2025-01-12
USR0353,PKG0040,5,2024-09-04
USR0379,PKG0044,4,2025-07-23
USR0103,PKG0010,4,2025-05-27
USR0017,PKG0054,5,2025-06-15
USR0199,PKG0040,4,2024-07-01
USR0313,PKG0021,3,2024-10-09
USR0044,PKG0015,3,2024-12-05
USR0369,PKG0058,3,2024-05-17
USR0339,PKG0039,3,2025-04-21
USR0195,PKG0044,5,2025-09-16
USR0003,PKG0017,2,2024-03-04
USR0378,PKG0042,3,2025-11-20
USR0113,PKG0051,4,2024-12-14
USR0024,PKG0040,3,2024-02-08
USR0306,PKG0036,5,2024-10-23
USR0057,PKG0039,4,2025-10-16
USR0337,PKG0025,3,2024-02-28
USR0188,PKG0034,3,2024-10-25
USR0351,PKG0045,4,2024-09-01
USR0353,PKG0052,3,2024-07-28
USR0224,PKG0051,4,2024-08-09
USR0095,PKG0005,2,2024-08-01
USR0062,PKG0008,2,2024-12-29
USR0388,PKG0029,4,2024-07-17
USR0290,PKG0001,4,2025-06-22
USR0031,PKG0028,5,2024-09-20
USR0251,PKG0006,2,2025-08-24
USR0112,PKG0040,3,2024-11-18
USR0291,PKG0034,5,2024-05-05
USR0258,PKG0057,3,2025-02-08
USR0077,PKG0005,5,2024-08-15
USR0377,PKG0040,5,2024-05-24
USR0146,PKG0015,4,2024-04-14
USR0060,PKG0015,3,2024-04-02
USR0083,PKG0039,4,2024-04-06
USR0163,PKG0058,5,2025-09-06
USR0293,PKG0016,2,2025-04-10
USR0283,PKG0002,4,2025-06-22
USR0354,PKG0016,3,2025-04-22
USR0078,PKG0016,4,2024-05-06
USR0357,PKG0023,3,2025-07-11
USR0261,PKG0055,5,2024-02-19
USR0024,PKG0044,4,2025-09-13
USR0351,PKG0020,4,2024-07-22
USR0129,PKG0027,4,2024-09-03
USR0365,PKG0049,4,2025-08-30
USR0158,PKG0034,4,2024-04-03
USR0325,PKG0035,3,2025-10-08
USR0134,PKG0052,5,2025-11-26
USR0277,PKG0054,5,2024-07-21
USR0197,PKG0060,4,2025-05-19
USR0051,PKG0053,1,2024-08-09
USR0321,PKG0059,4,2024-05-17
USR0349,PKG0005,2,2025-02-18
USR0153,PKG0045,5,2025-10-21
USR0201,PKG0048,5,2024-11-26
USR0105,PKG0004,4,2024-08-19
USR0316,PKG0051,3,2024-02-10
USR0079,PKG0034,4,2025-02-20
USR0020,PKG0038,3,2024-02-05
USR0339,PKG0023,4,2024-03-19
USR0334,PKG0020,3,2024-03-26
USR0055,PKG0056,3,2025-09-18
USR0223,PKG0019,2,2025-06-01
USR0271,PKG0008,3,2025-05-23
USR0362,PKG0033,5,2024-12-01
USR0270,PKG0033,3,2025-02-02
USR0243,PKG0007,5,2024-04-07
USR0300,PKG0022,5,2025-04-17
USR0372,PKG0008,5,2025-05-27
USR0199,PKG0028,5,2025-02-20
USR0024,PKG0022,4,2025-07-19
USR0353,PKG0035,3,2025-06-21
USR0163,PKG0051,4,2024-01-09
USR0293,PKG0020,3,2024-01-11
USR0012,PKG0010,2,2024-07-08
USR0115,PKG0008,4,2024-08-01
USR0249,PKG0058,3,2024-01-28
USR0132,PKG0020,1,2024-01-31
USR0117,PKG0050,4,2025-08-23
USR0357,PKG0002,4,2024-04-19
USR0225,PKG0051,3,2024-12-08
USR0199,PKG0056,3,2025-02-28
USR0162,PKG0014,5,2024-04-24
USR0287,PKG0035,3,2025-07-16
USR0169,PKG0053,5,2024-05-10
USR0338,PKG0018,1,2025-09-03
USR0393,PKG0001,1,2025-06-20
USR0086,PKG0018,4,2024-01-14
USR0049,PKG0047,3,2024-09-07
USR0271,PKG0010,4,2025-01-21
USR0374,PKG0028,4,2024-12-07
USR0291,PKG0038,5,2025-04-28
USR0312,PKG0048,3,2025-10-14
USR0392,PKG0022,4,2025-05-24
USR0368,PKG0010,3,2024-09-27
USR0143,PKG0059,5,2024-10-17
USR0211,PKG0011,5,2025-09-02
USR0218,PKG0043,5,2024-05-02
USR0383,PKG0023,3,2025-03-01
USR0161,PKG0054,5,2024-01-04
USR0135,PKG0009,5,2025-09-27
USR0112,PKG0056,4,2025-11-27
USR0353,PKG0042,4,2024-08-06
USR0178,PKG0018,3,2025-02-05
USR0127,PKG0026,3,2025-01-11
USR0097,PKG0044,3,2025-09-16
USR0169,PKG0041,5,2024-12-20
USR0364,PKG0054,2,2024-05-17
USR0190,PKG0038,4,2024-02-29
USR0093,PKG0008,1,2024-03-19
USR0254,PKG0029,5,2024-11-14
USR0209,PKG0025,4,2025-09-10
USR0301,PKG0059,3,2024-03-13
USR0120,PKG0030,1,2024-05-06
USR0201,PKG0001,3,2025-06-22
USR0100,PKG0014,3,2025-10-16
USR0077,PKG0014,5,2025-08-11
USR0308,PKG0002,3,2024-10-20
USR0141,PKG0031,5,2024-04-21
USR0120,PKG0027,5,2025-07-06
USR0147,PKG0031,5,2024-10-26
USR0117,PKG0024,5,2024-08-19
USR0005,PKG0033,2,2024-08-24
USR0057,PKG0014,3,2025-02-10
USR0143,PKG0044,5,2025-06-26
USR0068,PKG0049,2,2025-05-03
USR0135,PKG0030,5,2024-12-17
USR0017,PKG0051,4,2024-01-28
USR0283,PKG0030,5,2025-08-23
USR0064,PKG0037,4,2024-05-22
USR0171,PKG0054,2,2025-02-21
USR0285,PKG0016,3,2024-07-18
USR0090,PKG0012,5,2024-06-23
USR0027,PKG0021,4,2024-06-10
USR0043,PKG0033,5,2024-08-08
USR0083,PKG0037,4,2025-09-13
USR0391,PKG0009,4,2025-09-08
USR0077,PKG0006,4,2025-06-01
USR0108,PKG0023,4,2024-05-31
USR0102,PKG0022,4,2024-03-16
USR0056,PKG0036,4,2024-09-02
USR0141,PKG0033,2,2025-04-07
USR0086,PKG0021,5,2024-10-08
USR0054,PKG0029,3,2024-12-09
USR0380,PKG0055,3,2024-12-11
USR0204,PKG0013,3,2025-03-04
USR0194,PKG0020,3,2024-03-19
USR0229,PKG0040,3,2024-04-04
USR0059,PKG0007,4,2024-09-18
USR0273,PKG0018,2,2024-02-07
USR0208,PKG0014,4,2024-10-28
USR0163,PKG0023,5,2024-05-13
USR0055,PKG0008,4,2025-06-16
USR0030,PKG0017,5,2025-07-02
USR0398,PKG0025,5,2025-02-21
USR0270,PKG0019,5,2024-02-13
USR0164,PKG0023,5,2025-01-10
USR0059,PKG0047,4,2025-10-07
USR0232,PKG0008,3,2024-01-22
USR0084,PKG0019,5,2024-12-11
USR0136,PKG0014,4,2024-08-31
USR0320,PKG0056,5,2025-05-19
USR0302,PKG0028,3,2025-02-08
USR0352,PKG0043,3,2025-03-14
USR0374,PKG0012,5,2025-03-21
USR0048,PKG0020,3,2024-02-17
USR0063,PKG0059,4,2025-06-15
USR0268,PKG0030,3,2024-04-08
USR0316,PKG0055,4,2024-04-29
USR0046,PKG0057,3,2024-05-11
USR0352,PKG0032,5,2025-03-12
USR0141,PKG0015,4,2024-01-19
USR0352,PKG0047,2,2024-02-13
USR0337,PKG0020,3,2024-07-16
USR0356,PKG0026,3,2024-02-26
USR0002,PKG0007,3,2025-06-16
USR0293,PKG0052,2,2024-07-27
USR0349,PKG0049,2,2025-01-04
USR0210,PKG0054,5,2025-02-03
USR0011,PKG0022,5,2025-02-11
USR0220,PKG0037,5,2025-09-14
USR0324,PKG0006,3,2024-03-31
USR0126,PKG0013,5,2024-01-28
USR0165,PKG0009,4,2025-01-30
USR0228,PKG0028,4,2024-06-06
USR0135,PKG0044,3,2025-04-11
USR0254,PKG0044,4,2024-03-15
USR0318,PKG0015,4,2024-11-24
USR0108,PKG0043,2,2024-08-05
USR0055,PKG0051,4,2024-04-12
USR0013,PKG0008,4,2024-06-28
USR0220,PKG0028,2,2024-08-11
USR0080,PKG0018,3,2024-09-17
USR0202,PKG0007,4,2024-12-14
USR0282,PKG0051,3,2024-12-30
USR0072,PKG0056,2,2024-02-23
USR0145,PKG0043,3,2025-03-16
USR0227,PKG0022,4,2025-06-05
USR0025,PKG0005,5,2025-07-17
USR0339,PKG0033,3,2024-07-06
USR0146,PKG0010,4,2025-03-22
USR0252,PKG0035,4,2025-08-08
USR0271,PKG0006,5,2024-04-21
USR0047,PKG0002,4,2025-05-12
USR0304,PKG0036,5,2025-10-03
USR0028,PKG0056,4,2025-05-11
USR0181,PKG0053,4,2025-03-10
USR0152,PKG0006,5,2025-07-28
USR0335,PKG0038,3,2025-10-21
USR0228,PKG0030,3,2024-05-26
USR0286,PKG0010,3,2025-09-28
USR0159,PKG0054,4,2024-08-03
USR0087,PKG0057,3,2025-06-21
USR0390,PKG0007,5,2024-09-27
USR0216,PKG0019,5,2024-10-24
USR0025,PKG0056,4,2024-02-11
USR0102,PKG0034,2,2024-04-28
USR0318,PKG0038,3,2024-09-04
USR0195,PKG0028,3,2024-11-07
USR0316,PKG0039,1,2025-07-21
USR0065,PKG0014,2,2024-01-06
USR0107,PKG0031,4,2025-06-24
USR0099,PKG0048,5,2025-04-03
USR0084,PKG0006,4,2024-07-17
USR0260,PKG0017,3,2024-12-16
USR0015,PKG0038,2,2024-11-01
USR0313,PKG0044,5,2024-08-31
USR0043,PKG0037,3,2025-05-03
USR0116,PKG0049,3,2025-11-14
USR0276,PKG0040,5,2025-07-17
USR0369,PKG0002,5,2025-06-25
USR0119,PKG0009,4,2024-05-19
USR0376,PKG0023,4,2025-02-21
USR0016,PKG0010,4,2024-02-17
USR0073,PKG0008,3,2024-08-05
USR0093,PKG0046,3,2024-08-27
USR0301,PKG0056,3,2025-10-22
USR0059,PKG0022,5,2025-01-18
USR0094,PKG0050,5,2025-09-21
USR0136,PKG0021,4,2024-05-07
USR0377,PKG0032,5,2024-02-24
USR0145,PKG0050,3,2024-04-14
USR0357,PKG0017,5,2025-11-14
USR0069,PKG0045,4,2025-01-14
USR0399,PKG0024,3,2025-04-07
USR0154,PKG0009,3,2024-01-19
USR0023,PKG0025,4,2025-09-12
USR0102,PKG0055,2,2024-02-18
USR0352,PKG0030,4,2025-06-03
USR0368,PKG0056,4,2025-01-12
USR0085,PKG0040,3,2025-08-01
USR0313,PKG0035,2,2025-08-17
USR0336,PKG0041,5,2024-03-07
USR0322,PKG0011,3,2024-10-23
USR0329,PKG0050,3,2024-10-19
USR0149,PKG0006,4,2025-08-10
USR0201,PKG0055,4,2024-07-05
USR0023,PKG0034,4,2024-01-17
USR0154,PKG0008,5,2025-04-08
USR0124,PKG0054,5,2024-09-18
USR0238,PKG0040,3,2025-08-19
USR0237,PKG0052,1,2024-06-18
USR0399,PKG0019,4,2025-02-16
USR0255,PKG0010,4,2025-09-04
USR0129,PKG0003,4,2025-08-09
USR0050,PKG0020,3,2025-09-30
USR0071,PKG0016,3,2025-10-02
USR0129,PKG0022,5,2025-03-06
USR0076,PKG0012,1,2025-10-01
USR0223,PKG0025,5,2025-08-09
USR0227,PKG0053,3,2025-01-19
USR0384,PKG0032,4,2025-11-03
USR0155,PKG0038,4,2024-10-30
USR0040,PKG0051,2,2025-07-19
USR0139,PKG0036,4,2025-10-19
USR0360,PKG0016,1,2025-09-11
USR0051,PKG0017,2,2025-09-06
USR0155,PKG0044,2,2025-11-23
USR0276,PKG0022,2,2025-11-25
USR0370,PKG0050,3,2025-04-12
USR0149,PKG0044,4,2024-04-01
USR0091,PKG0044,3,2025-06-18
USR0100,PKG0015,3,2024-10-29
USR0061,PKG0034,3,2024-05-28
USR0388,PKG0058,3,2025-07-02
USR0061,PKG0008,4,2025-01-09
USR0092,PKG0001,4,2025-08-16
USR0291,PKG0043,3,2025-01-28
USR0229,PKG0026,3,2025-10-14
USR0053,PKG0022,4,2025-08-05
USR0136,PKG0022,4,2024-09-11
USR0056,PKG0006,3,2024-05-30
USR0031,PKG0039,3,2024-12-04
USR0125,PKG0048,3,2025-08-01
USR0109,PKG0045,5,2024-04-15
USR0189,PKG0049,3,2024-10-28
USR0290,PKG0019,3,2024-01-22
USR0133,PKG0036,4,2025-05-27
USR0021,PKG0047,4,2024-11-13
USR0260,PKG0021,3,2025-08-06
USR0133,PKG0023,4,2025-09-25
USR0270,PKG0041,4,2024-07-18
USR0394,PKG0008,5,2024-06-28
USR0338,PKG0021,4,2024-07-13
USR0250,PKG0036,4,2024-04-20
USR0286,PKG0035,3,2024-07-08
USR0092,PKG0030,5,2024-08-16
USR0179,PKG0017,4,2024-10-28
USR0210,PKG0004,5,2024-05-24
USR0119,PKG0045,5,2025-03-16
USR0192,PKG0001,2,2025-02-17
USR0012,PKG0038,5,2025-07-31
USR0046,PKG0056,4,2025-07-27
USR0336,PKG0035,5,2024-02-26
USR0164,PKG0040,5,2025-02-21
USR0208,PKG0007,5,2025-09-29
USR0392,PKG0023,4,2024-01-24
USR0373,PKG0050,4,2025-07-25
USR0267,PKG0051,2,2025-04-29
USR0035,PKG0016,4,2024-06-07
USR0391,PKG0043,4,2025-02-11
USR0167,PKG0055,5,2025-10-17
USR0389,PKG0020,3,2024-04-30
USR0374,PKG0005,5,2025-04-13
USR0165,PKG0008,4,2025-03-03
USR0063,PKG0051,4,2024-02-01
USR0283,PKG0028,3,2025-10-19
USR0050,PKG0026,3,2025-03-28
USR0385,PKG0020,3,2024-06-27
USR0396,PKG0004,3,2024-08-09
USR0265,PKG0045,3,2024-11-12
USR0356,PKG0019,5,2025-07-29
USR0314,PKG0042,4,2024-08-21
USR0042,PKG0059,3,2025-06-16
USR0087,PKG0049,5,2025-09-13
USR0128,PKG0013,3,2024-08-13
USR0274,PKG0020,2,2024-11-29
USR0270,PKG0047,4,2025-11-17
USR0097,PKG0057,3,2025-11-09
USR0388,PKG0059,2,2025-09-08
USR0310,PKG0005,3,2025-01-05
USR0345,PKG0043,5,2025-10-27
USR0011,PKG0024,5,2024-09-06
USR0050,PKG0025,4,2025-06-16
USR0244,PKG0039,5,2024-05-21
USR0297,PKG0005,3,2025-11-04
USR0355,PKG0037,4,2025-07-28
USR0040,PKG0050,3,2024-01-18
USR0289,PKG0051,5,2024-10-18
USR0120,PKG0047,3,2024-01-04
USR0173,PKG0060,4,2024-12-18
USR0141,PKG0001,4,2025-02-21
USR0396,PKG0001,4,2025-11-10
USR0197,PKG0052,3,2024-04-30
USR0063,PKG0045,4,2024-05-25
USR0032,PKG0035,4,2025-08-02
USR0277,PKG0027,3,2025-09-16
USR0059,PKG0058,3,2025-03-20
USR0324,PKG0031,4,2024-12-15
USR0108,PKG0058,3,2024-01-31
USR0182,PKG0024,2,2025-07-16
USR0352,PKG0008,4,2024-05-30
USR0380,PKG0044,2,2025-02-19
USR0087,PKG0007,4,2025-08-27
USR0348,PKG0023,5,2025-01-02
USR0072,PKG0045,4,2025-07-11
USR0212,PKG0042,5,2025-11-23
USR0106,PKG0025,4,2024-05-30
USR0386,PKG0023,2,2025-03-20
USR0272,PKG0013,3,2025-11-07
USR0283,PKG0023,4,2024-09-29
USR0035,PKG0052,3,2024-04-05
USR0240,PKG0051,4,2025-07-17
USR0008,PKG0052,4,2025-01-26
USR0101,PKG0022,3,2025-08-09
USR0158,PKG0016,2,2025-01-22
USR0113,PKG0056,4,2024-12-18
USR0110,PKG0001,5,2025-02-20
USR0054,PKG0015,3,2025-10-07
USR0258,PKG0026,3,2024-03-15
USR0093,PKG0023,5,2024-08-09
USR0163,PKG0007,4,2024-01-16
USR0197,PKG0031,4,2025-07-29
USR0086,PKG0041,3,2025-05-08
USR0234,PKG0032,5,2025-03-12
USR0321,PKG0040,3,2024-04-10
USR0189,PKG0030,4,2025-11-19
USR0339,PKG0015,3,2024-05-29
USR0350,PKG0035,3,2024-07-13
USR0190,PKG0008,4,2025-06-25
USR0141,PKG0048,3,2024-11-17
USR0268,PKG0047,1,2025-08-08
USR0321,PKG0008,4,2024-12-10
USR0096,PKG0051,3,2024-05-03
USR0356,PKG0037,4,2024-09-14
USR0382,PKG0051,3,2024-07-15
USR0161,PKG0049,5,2024-09-30
USR0072,PKG0057,3,2025-02-12
USR0255,PKG0052,5,2025-07-08
USR0192,PKG0023,3,2024-06-01
USR0048,PKG0040,4,2024-09-03
USR0003,PKG0060,5,2025-08-24
USR0378,PKG0025,2,2024-11-14
USR0034,PKG0016,5,2025-06-05
USR0121,PKG0029,5,2024-10-05
USR0340,PKG0054,4,2025-10-03
USR0059,PKG0042,5,2024-02-11
USR0240,PKG0020,4,2024-01-31
USR0005,PKG0020,4,2024-06-17
USR0236,PKG0038,3,2025-05-04
USR0311,PKG0005,3,2024-08-17
USR0320,PKG0013,3,2024-01-02
USR0232,PKG0046,4,2024-01-07
USR0266,PKG0058,5,2025-11-14
USR0187,PKG0009,2,2025-06-10
USR0346,PKG0010,3,2025-03-20
USR0042,PKG0052,3,2025-09-06
USR0328,PKG0025,4,2025-02-04
USR0029,PKG0023,3,2025-02-02
USR0202,PKG0014,4,2024-03-05
USR0309,PKG0015,3,2024-02-26
USR0143,PKG0037,4,2024-04-29
USR0051,PKG0003,4,2025-01-31
USR0164,PKG0019,5,2025-05-30
USR0130,PKG0036,4,2024-07-25
USR0188,PKG0023,5,2024-03-17
USR0281,PKG0045,2,2024-03-24
USR0142,PKG0051,3,2025-11-15
USR0347,PKG0021,4,2024-07-16
USR0075,PKG0027,5,2025-09-18
USR0260,PKG0058,5,2024-12-08
USR0399,PKG0033,3,2024-01-27
USR0088,PKG0014,4,2024-02-19
USR0160,PKG0037,3,2024-03-08
USR0138,PKG0037,3,2025-01-19
USR0071,PKG0019,3,2025-06-24
USR0151,PKG0018,4,2024-02-27
USR0388,PKG0002,3,2025-09-18
USR0279,PKG0047,3,2025-10-25
USR0134,PKG0025,3,2024-10-12
USR0145,PKG0059,4,2024-03-23
USR0244,PKG0052,5,2024-10-27
USR0052,PKG0054,3,2025-10-06
USR0339,PKG0038,5,2025-09-13
USR0300,PKG0054,5,2024-03-15
USR0230,PKG0037,2,2024-11-25
USR0086,PKG0059,5,2024-02-25
USR0078,PKG0001,5,2025-04-09
USR0208,PKG0011,1,2025-02-21
USR0238,PKG0059,4,2024-06-30
USR0106,PKG0015,5,2025-10-06
USR0154,PKG0051,4,2025-06-18
USR0306,PKG0044,5,2024-07-19
USR0293,PKG0046,5,2025-08-19
USR0328,PKG0031,2,2025-03-29
USR0332,PKG0010,5,2025-10-19
USR0073,PKG0058,3,2025-02-25
USR0395,PKG0035,3,2025-10-04
USR0123,PKG0037,4,2024-05-27
USR0333,PKG0051,4,2024-02-21
USR0050,PKG0004,4,2025-01-12
USR0230,PKG0020,4,2024-08-13
USR0332,PKG0046,4,2025-10-14
USR0163,PKG0034,4,2024-10-13
USR0092,PKG0023,3,2024-10-03
USR0036,PKG0056,5,2024-01-18
USR0202,PKG0036,3,2025-05-22
USR0064,PKG0049,4,2025-03-27
USR0337,PKG0042,3,2025-03-29
USR0169,PKG0060,4,2025-09-05
USR0104,PKG0050,4,2024-10-15
USR0142,PKG0009,4,2025-02-04
USR0386,PKG0028,3,2024-06-15
USR0246,PKG0042,4,2024-02-29
USR0195,PKG0018,5,2025-04-04
USR0103,PKG0018,3,2024-05-23
USR0149,PKG0043,3,2025-02-16
USR0230,PKG0059,4,2025-02-25
USR0337,PKG0004,3,2025-11-18
USR0019,PKG0059,3,2024-05-13
USR0154,PKG0019,4,2025-09-02
USR0374,PKG0014,5,2024-05-20
USR0026,PKG0051,1,2024-12-18
USR0308,PKG0059,4,2024-01-20
USR0233,PKG0049,3,2025-07-22
USR0257,PKG0058,5,2024-04-04
USR0153,PKG0057,4,2025-05-18
USR0078,PKG0030,5,2025-10-02
USR0128,PKG0053,4,2025-04-30
USR0217,PKG0035,4,2025-01-28
USR0247,PKG0030,3,2024-02-18
USR0284,PKG0047,5,2024-06-13
USR0129,PKG0047,4,2025-08-01
USR0292,PKG0047,3,2025-09-08
USR0218,PKG0017,3,2024-03-09
USR0228,PKG0036,4,2024-09-26
USR0193,PKG0021,3,2024-01-24
USR0226,PKG0060,4,2025-02-10
USR0192,PKG0030,1,2025-06-20
USR0154,PKG0016,3,2025-11-21
USR0039,PKG0010,2,2025-06-30
USR0251,PKG0031,4,2024-09-26
USR0069,PKG0001,3,2024-03-09
USR0360,PKG0057,2,2024-07-18
USR0339,PKG0030,3,2024-07-22
USR0119,PKG0058,3,2024-07-26
USR0345,PKG0005,5,2025-04-09
USR0060,PKG0027,5,2024-08-25
USR0170,PKG0030,3,2024-04-01
USR0365,PKG0046,5,2024-05-15
USR0027,PKG0050,4,2024-11-17
USR0127,PKG0056,4,2025-01-01
USR0003,PKG0040,5,2024-06-24
USR0221,PKG0048,3,2024-07-26
USR0346,PKG0047,4,2024-12-19
USR0196,PKG0043,3,2025-02-14
USR0250,PKG0019,3,2024-04-21
USR0366,PKG0015,4,2025-04-23
USR0074,PKG0038,3,2025-07-11
USR0234,PKG0014,3,2024-03-22
USR0072,PKG0001,3,2025-04-20
USR0153,PKG0018,5,2024-01-11
USR0377,PKG0002,4,2024-07-28
USR0293,PKG0013,4,2024-06-17
USR0397,PKG0057,3,2025-11-25
USR0367,PKG0018,3,2024-04-14
USR0267,PKG0060,5,2024-03-21
USR0194,PKG0001,4,2025-09-09
USR0177,PKG0001,5,2024-06-16
USR0228,PKG0047,5,2024-01-01
USR0352,PKG0021,3,2025-01-23
USR0197,PKG0059,3,2024-04-25
USR0319,PKG0021,3,2024-08-12
USR0304,PKG0038,5,2025-03-08
USR0246,PKG0010,4,2024-08-31
USR0177,PKG0020,5,2025-06-09
USR0079,PKG0024,3,2025-11-16
USR0206,PKG0030,2,2024-11-21
USR0156,PKG0035,3,2024-05-15
USR0232,PKG0055,5,2025-04-23
USR0165,PKG0049,3,2025-05-22
USR0250,PKG0017,5,2025-07-13
USR0053,PKG0033,4,2025-08-10
USR0339,PKG0051,4,2024-12-19
USR0166,PKG0018,3,2025-01-20
USR0044,PKG0006,4,2024-05-04
USR0064,PKG0016,4,2024-07-13
USR0219,PKG0014,5,2024-08-11
USR0345,PKG0027,3,2025-04-03
USR0139,PKG0044,5,2024-03-17
USR0245,PKG0035,5,2025-11-14
USR0123,PKG0059,3,2025-07-12
USR0054,PKG0035,3,2024-10-30
USR0072,PKG0005,3,2024-11-10
USR0195,PKG0039,4,2024-09-27
USR0316,PKG0050,2,2025-08-29
USR0146,PKG0019,4,2024-02-20
USR0172,PKG0041,3,2024-06-21
USR0201,PKG0013,3,2025-08-15
USR0257,PKG0017,3,2024-11-26
USR0330,PKG0043,5,2024-02-18
USR0109,PKG0034,4,2024-05-24
USR0282,PKG0033,3,2025-02-09
USR0379,PKG0040,3,2024-10-28
USR0394,PKG0059,2,2025-06-06
USR0270,PKG0010,5,2024-02-14
USR0369,PKG0020,3,2024-04-06
USR0243,PKG0005,5,2025-03-17
USR0072,PKG0024,3,2024-10-09
USR0079,PKG0007,3,2024-10-18
USR0285,PKG0050,4,2024-02-24
USR0004,PKG0039,5,2024-08-30
USR0279,PKG0023,4,2025-04-07
USR0145,PKG0053,3,2024-07-28
USR0128,PKG0008,4,2025-11-29
USR0092,PKG0051,4,2024-09-13
USR0204,PKG0060,4,2024-04-14
USR0073,PKG0007,5,2025-02-11
USR0072,PKG0058,3,2025-04-26
USR0351,PKG0051,4,2025-07-01
USR0217,PKG0031,5,2024-04-20
USR0273,PKG0011,4,2024-05-25
USR0244,PKG0059,3,2025-04-19
USR0003,PKG0045,4,2025-05-26
USR0212,PKG0045,3,2025-11-14
USR0001,PKG0048,5,2025-06-09
USR0324,PKG0030,3,2024-06-23
USR0035,PKG0014,4,2024-07-10
USR0306,PKG0021,4,2024-03-17
USR0290,PKG0029,5,2024-01-15
USR0287,PKG0049,5,2024-06-14
USR0080,PKG0053,4,2025-10-16
USR0364,PKG0031,3,2024-04-04
USR0199,PKG0022,3,2025-05-18
USR0126,PKG0057,2,2025-08-26
USR0063,PKG0056,5,2025-07-03
USR0342,PKG0013,4,2024-07-05
USR0242,PKG0054,2,2024-04-14
USR0202,PKG0044,4,2025-10-05
USR0198,PKG0050,4,2024-07-17
USR0356,PKG0052,5,2024-09-24
USR0232,PKG0054,4,2025-06-15
USR0064,PKG0019,3,2025-03-05
USR0266,PKG0049,5,2024-06-24
USR0130,PKG0008,3,2025-08-09
USR0255,PKG0046,4,2025-07-13
USR0289,PKG0060,3,2024-12-14
USR0377,PKG0059,5,2025-05-18
USR0008,PKG0001,4,2025-09-13
USR0330,PKG0056,3,2025-03-24
USR0271,PKG0044,2,2024-08-27
USR0202,PKG0026,3,2025-03-12
USR0070,PKG0051,4,2024-08-25
USR0395,PKG0056,3,2025-07-06
USR0199,PKG0012,3,2024-09-05
USR0135,PKG0059,3,2024-04-27
USR0176,PKG0044,4,2025-06-11
USR0023,PKG0055,5,2024-06-30
USR0250,PKG0014,3,2025-07-10
USR0323,PKG0055,5,2025-11-28
USR0019,PKG0023,2,2024-11-22
USR0244,PKG0020,4,2025-02-22
USR0132,PKG0032,3,2024-01-30
USR0113,PKG0040,3,2024-12-12
USR0348,PKG0031,4,2024-08-22
USR0159,PKG0043,3,2025-08-09
USR0013,PKG0001,2,2025-04-05
USR0304,PKG0058,3,2024-01-24
USR0225,PKG0042,3,2025-05-19
USR0357,PKG0009,3,2025-08-25
USR0323,PKG0032,3,2025-07-11
USR0284,PKG0042,2,2025-10-13
USR0141,PKG0041,3,2025-03-14
USR0381,PKG0024,5,2025-02-16
USR0143,PKG0049,4,2025-11-28
USR0187,PKG0007,4,2024-05-01
USR0011,PKG0043,2,2025-04-09
USR0034,PKG0010,3,2025-05-04
USR0192,PKG0013,4,2024-03-03
USR0314,PKG0022,5,2025-02-16
USR0021,PKG0057,4,2025-05-23
USR0300,PKG0014,3,2024-08-29
USR0034,PKG0033,4,2025-02-18
USR0021,PKG0003,3,2025-06-14
USR0049,PKG0057,3,2024-05-30
USR0150,PKG0019,4,2024-01-16
USR0381,PKG0035,5,2025-01-08
USR0136,PKG0001,3,2024-01-03
USR0069,PKG0056,4,2025-01-20
USR0227,PKG0036,3,2025-07-07
USR0029,PKG0053,4,2024-05-27
USR0349,PKG0025,3,2024-03-27
USR0364,PKG0023,4,2025-11-05
USR0398,PKG0031,3,2024-06-24
USR0204,PKG0024,5,2024-07-03
USR0218,PKG0059,4,2024-08-17
USR0031,PKG0020,3,2025-10-06
USR0267,PKG0038,2,2024-12-23
USR0323,PKG0030,3,2024-12-01
USR0165,PKG0033,5,2025-11-21
USR0317,PKG0006,5,2024-06-12
USR0052,PKG0015,3,2024-03-29
USR0191,PKG0019,4,2025-02-06
USR0206,PKG0004,5,2025-11-26
USR0248,PKG0040,3,2025-11-06
USR0045,PKG0054,3,2025-01-09
USR0262,PKG0032,4,2024-01-16
USR0381,PKG0028,4,2024-12-09
USR0275,PKG0027,3,2025-07-06
USR0196,PKG0020,5,2025-04-03
USR0268,PKG0057,5,2024-04-17
USR0266,PKG0022,3,2024-09-28
USR0170,PKG0028,4,2025-02-18
USR0160,PKG0059,5,2025-08-06
USR0296,PKG0052,4,2024-06-02
USR0185,PKG0018,5,2024-03-15
USR0219,PKG0004,4,2025-06-19
USR0028,PKG0053,5,2025-10-28
USR0180,PKG0046,4,2024-06-27
USR0329,PKG0022,5,2024-03-15
USR0063,PKG0020,3,2025-08-07
USR0003,PKG0038,4,2024-05-22
USR0155,PKG0041,4,2024-12-01
USR0259,PKG0057,3,2025-08-04
USR0389,PKG0008,4,2025-02-11
USR0289,PKG0024,5,2025-04-12
USR0158,PKG0020,3,2025-08-31
USR0372,PKG0036,4,2024-02-10
USR0244,PKG0007,5,2025-07-24
USR0306,PKG0010,4,2025-08-27
USR0386,PKG0054,3,2025-07-01
USR0215,PKG0049,3,2025-11-29
USR0114,PKG0055,4,2024-10-01
USR0230,PKG0027,3,2024-08-28
USR0070,PKG0056,4,2025-03-16
USR0172,PKG0055,4,2025-09-30
USR0350,PKG0051,4,2025-09-15
USR0004,PKG0057,5,2025-07-08
USR0258,PKG0053,4,2024-10-22
USR0064,PKG0022,5,2025-07-13
USR0034,PKG0052,4,2024-01-17
USR0023,PKG0042,3,2024-06-11
USR0220,PKG0001,3,2024-05-09
USR0066,PKG0003,4,2024-02-08
USR0236,PKG0019,4,2024-12-04
USR0385,PKG0005,3,2024-02-04
USR0085,PKG0053,5,2025-09-11
USR0016,PKG0043,5,2024-08-23
USR0043,PKG0015,5,2025-11-09
USR0309,PKG0008,3,2025-07-09
USR0208,PKG0001,3,2025-03-19
USR0088,PKG0053,5,2025-09-04
USR0061,PKG0047,5,2024-09-13
USR0187,PKG0038,3,2025-06-03
USR0205,PKG0041,4,2024-10-25
USR0282,PKG0034,4,2025-10-25
USR0316,PKG0006,5,2024-05-13
USR0116,PKG0036,4,2024-11-01
USR0179,PKG0055,3,2025-09-12
USR0358,PKG0048,4,2024-12-11
USR0340,PKG0050,4,2025-09-16
USR0241,PKG0040,4,2025-06-08
USR0282,PKG0009,5,2025-07-20
USR0194,PKG0042,5,2025-10-06
USR0340,PKG0058,2,2024-03-08
USR0094,PKG0033,3,2025-10-24
USR0316,PKG0021,3,2024-03-27
USR0152,PKG0055,4,2024-10-17
USR0193,PKG0004,5,2024-12-21
USR0366,PKG0023,5,2025-04-07
USR0008,PKG0039,4,2025-10-03
USR0070,PKG0050,4,2025-07-12
USR0222,PKG0043,4,2025-06-03
USR0293,PKG0060,5,2025-04-13
USR0069,PKG0044,4,2024-02-06
USR0276,PKG0042,4,2025-11-01
USR0029,PKG0001,4,2025-03-27
USR0258,PKG0054,4,2024-04-03
USR0271,PKG0025,3,2024-12-31
USR0188,PKG0033,3,2024-07-02
USR0303,PKG0023,3,2024-08-28
USR0131,PKG0031,3,2025-07-11
USR0235,PKG0025,3,2025-02-15
USR0154,PKG0030,3,2025-04-03
USR0032,PKG0043,4,2025-02-03
USR0337,PKG0047,4,2025-05-04
USR0198,PKG0026,4,2024-07-19
USR0046,PKG0044,3,2025-07-06
USR0337,PKG0052,5,2025-11-03
USR0222,PKG0059,4,2024-07-10
USR0344,PKG0029,5,2024-01-27
USR0101,PKG0007,3,2025-09-22
USR0236,PKG0058,3,2025-04-07
USR0294,PKG0050,2,2024-10-08
USR0090,PKG0007,5,2025-01-24
USR0123,PKG0013,3,2024-03-20
USR0371,PKG0010,5,2025-09-20
USR0392,PKG0030,3,2024-03-06
USR0203,PKG0025,4,2025-10-04
USR0057,PKG0047,4,2025-11-10
USR0026,PKG0046,4,2025-04-17
USR0208,PKG0056,2,2025-05-21
USR0391,PKG0032,3,2025-09-17
USR0246,PKG0002,4,2025-06-28
USR0396,PKG0008,3,2025-05-19
USR0338,PKG0006,5,2025-01-28
USR0066,PKG0005,3,2025-07-08
USR0374,PKG0009,3,2024-06-02
USR0191,PKG0012,3,2025-09-30
USR0239,PKG0010,3,2025-08-11
USR0222,PKG0008,5,2025-03-22
USR0348,PKG0050,2,2025-06-01
USR0296,PKG0044,4,2025-05-24
USR0197,PKG0040,5,2024-06-06
USR0028,PKG0009,4,2024-05-12
USR0174,PKG0051,4,2024-11-23
USR0142,PKG0031,4,2025-06-12
USR0298,PKG0032,3,2025-08-13
USR0245,PKG0045,4,2024-07-19
USR0080,PKG0017,3,2025-05-20
USR0102,PKG0054,4,2024-02-09
USR0278,PKG0039,4,2025-10-20
USR0347,PKG0001,4,2025-06-28
USR0389,PKG0059,4,2024-11-21
USR0070,PKG0042,4,2025-11-28
USR0054,PKG0039,3,2025-06-20
USR0124,PKG0051,5,2024-01-01
USR0189,PKG0058,3,2025-02-12
USR0366,PKG0030,4,2025-10-20
USR0178,PKG0055,4,2024-07-09
USR0060,PKG0008,4,2025-11-29
USR0050,PKG0002,3,2025-10-02
USR0109,PKG0044,5,2024-08-31
USR0067,PKG0019,4,2025-01-12
USR0351,PKG0040,3,2024-02-23
USR0036,PKG0035,5,2024-10-02
USR0316,PKG0056,1,2024-01-31
USR0255,PKG0044,3,2025-11-10
USR0355,PKG0055,3,2025-01-04
USR0199,PKG0039,3,2025-02-03
USR0082,PKG0001,4,2025-01-25
USR0160,PKG0040,3,2025-09-26
USR0133,PKG0047,2,2024-12-05
USR0077,PKG0013,4,2025-04-12
USR0134,PKG0039,3,2025-08-05
USR0214,PKG0059,4,2024-02-09
USR0063,PKG0035,4,2024-02-01
USR0159,PKG0046,3,2025-11-20
USR0288,PKG0001,2,2024-05-07
USR0320,PKG0058,3,2024-06-20
USR0172,PKG0024,4,2024-10-13
USR0294,PKG0035,3,2025-07-08
USR0175,PKG0059,4,2024-06-29
USR0154,PKG0052,2,2024-12-16
USR0182,PKG0045,3,2025-01-18
USR0179,PKG0033,4,2024-10-01
USR0003,PKG0032,3,2024-09-14
USR0184,PKG0009,3,2024-07-05
USR0368,PKG0034,5,2025-06-20
USR0285,PKG0053,3,2025-02-06
USR0296,PKG0046,2,2025-04-16
USR0234,PKG0040,5,2025-08-30
USR0086,PKG0030,4,2025-02-07
USR0029,PKG0043,4,2024-07-19
USR0231,PKG0052,4,2024-05-23
USR0345,PKG0030,3,2024-12-27
USR0093,PKG0056,3,2025-09-18
USR0372,PKG0037,3,2024-10-28
USR0239,PKG0032,4,2024-07-09
USR0335,PKG0033,4,2025-10-15
USR0105,PKG0056,2,2024-09-09
USR0076,PKG0057,4,2025-10-11
USR0161,PKG0030,2,2024-05-16
USR0138,PKG0029,4,2025-11-30
USR0378,PKG0041,2,2025-06-29
USR0153,PKG0060,3,2025-08-12
USR0294,PKG0014,4,2024-10-02
USR0264,PKG0059,3,2025-02-04
USR0230,PKG0044,3,2024-08-15
USR0319,PKG0009,4,2024-07-18
USR0127,PKG0005,4,2025-07-13
USR0369,PKG0028,5,2025-08-09
USR0231,PKG0046,3,2024-04-15
USR0165,PKG0053,3,2024-12-14
USR0368,PKG0017,4,2025-02-18
USR0083,PKG0023,5,2024-06-17
USR0309,PKG0023,4,2024-09-23
USR0238,PKG0011,3,2024-03-22
USR0053,PKG0020,5,2025-12-01
USR0377,PKG0022,3,2025-11-27
USR0193,PKG0022,3,2024-12-01
USR0072,PKG0035,4,2024-07-10
USR0089,PKG0032,3,2025-06-29
USR0091,PKG0020,5,2024-12-11
USR0342,PKG0021,5,2025-05-09
USR0115,PKG0050,4,2024-07-01
USR0057,PKG0042,5,2024-12-17
USR0071,PKG0033,4,2025-02-02
USR0169,PKG0003,3,2024-06-20
USR0026,PKG0013,2,2025-08-12
USR0255,PKG0018,4,2024-06-24
USR0031,PKG0002,4,2025-02-17
USR0064,PKG0035,4,2025-08-26
USR0377,PKG0008,5,2024-08-14
USR0373,PKG0020,5,2024-08-15
USR0375,PKG0048,4,2024-12-17
USR0241,PKG0027,4,2025-06-26
USR0068,PKG0047,3,2025-09-14
USR0059,PKG0031,4,2025-01-13
USR0371,PKG0043,2,2024-04-14
USR0268,PKG0020,4,2024-08-16
USR0213,PKG0049,2,2025-05-31
USR0382,PKG0037,4,2024-04-18
USR0130,PKG0022,5,2025-07-27
USR0335,PKG0008,4,2025-02-04
USR0247,PKG0006,4,2025-01-13
USR0167,PKG0031,5,2025-01-09
USR0281,PKG0006,4,2024-01-27
USR0357,PKG0054,3,2025-10-23
USR0014,PKG0032,2,2025-05-16
USR0285,PKG0024,2,2025-06-15
USR0376,PKG0045,3,2024-09-26
USR0261,PKG0051,3,2025-01-30
USR0142,PKG0001,4,2025-07-26
USR0210,PKG0014,4,2024-11-28
USR0301,PKG0024,4,2024-01-17
USR0316,PKG0034,5,2025-09-16
USR0197,PKG0016,3,2024-11-24
USR0309,PKG0006,4,2025-05-14
USR0004,PKG0059,3,2025-11-27
USR0392,PKG0060,5,2024-10-21
USR0018,PKG0025,3,2024-09-24
USR0261,PKG0047,3,2024-08-17
USR0359,PKG0012,4,2024-01-08
USR0139,PKG0029,4,2024-07-17
USR0319,PKG0052,4,2024-11-09
USR0151,PKG0047,4,2025-10-05
USR0242,PKG0056,5,2025-09-30
USR0301,PKG0008,4,2024-05-02
USR0393,PKG0041,3,2025-11-22
USR0275,PKG0035,5,2025-06-08
USR0093,PKG0005,2,2025-08-13
USR0040,PKG0020,4,2024-03-17
USR0222,PKG0019,5,2024-04-25
USR0091,PKG0015,5,2025-05-07
USR0033,PKG0033,3,2025-09-05
USR0275,PKG0011,3,2025-05-10
USR0062,PKG0014,4,2024-06-17
USR0258,PKG0019,3,2024-02-18
USR0259,PKG0013,4,2024-07-22
USR0263,PKG0038,3,2025-06-18
USR0233,PKG0011,4,2024-12-07
USR0365,PKG0002,4,2025-08-18
USR0062,PKG0045,3,2024-08-29
USR0184,PKG0051,4,2024-10-02
USR0344,PKG0037,2,2024-02-08
USR0009,PKG0044,3,2024-03-29
USR0217,PKG0052,3,2025-01-07
USR0209,PKG0044,3,2024-08-03
USR0342,PKG0026,5,2025-02-07
USR0108,PKG0048,4,2024-11-10
USR0058,PKG0027,5,2024-03-31
USR0394,PKG0006,5,2024-11-29
USR0035,PKG0022,3,2024-10-27
USR0081,PKG0021,4,2025-04-09
USR0067,PKG0023,2,2024-04-20
USR0207,PKG0055,5,2024-11-30
USR0198,PKG0011,4,2024-12-01
USR0164,PKG0054,3,2024-07-26
USR0350,PKG0060,4,2024-04-19
USR0017,PKG0015,5,2024-08-09
USR0095,PKG0035,4,2024-06-26
USR0228,PKG0014,3,2025-01-09
USR0129,PKG0030,4,2025-09-26
USR0250,PKG0034,5,2024-08-07
USR0327,PKG0060,3,2025-03-05
USR0119,PKG0020,4,2025-05-02
USR0059,PKG0051,3,2025-06-21
USR0291,PKG0010,3,2024-04-09
USR0152,PKG0025,4,2024-08-31
USR0048,PKG0052,5,2025-03-12
USR0276,PKG0025,4,2025-04-03
USR0071,PKG0009,5,2024-11-20
USR0044,PKG0043,4,2024-02-16
USR0047,PKG0017,5,2024-01-17
USR0067,PKG0027,4,2025-09-27
USR0264,PKG0052,4,2024-09-29
USR0291,PKG0006,5,2024-06-02
USR0135,PKG0010,3,2025-10-20
USR0350,PKG0029,4,2024-04-21
USR0364,PKG0013,2,2024-10-17
USR0360,PKG0041,3,2024-03-30
USR0310,PKG0054,3,2024-02-06
USR0361,PKG0004,4,2024-12-28
USR0273,PKG0025,4,2024-06-30
USR0039,PKG0042,3,2025-04-12
USR0338,PKG0030,3,2025-01-27
USR0092,PKG0052,5,2025-09-22
USR0127,PKG0051,3,2025-06-25
USR0071,PKG0017,5,2024-05-04
USR0238,PKG0034,4,2025-08-28
USR0304,PKG0059,2,2025-06-20
USR0220,PKG0018,2,2025-04-29
USR0272,PKG0037,4,2025-07-28
USR0153,PKG0009,3,2024-03-02
USR0348,PKG0046,3,2025-09-11
USR0104,PKG0001,5,2024-05-14
USR0096,PKG0049,4,2025-05-04
USR0260,PKG0006,5,2024-01-07
USR0117,PKG0033,4,2024-10-05
USR0211,PKG0058,3,2025-01-04
USR0205,PKG0005,3,2024-05-12
USR0155,PKG0045,3,2024-08-28
USR0331,PKG0003,2,2025-06-10
USR0085,PKG0010,3,2025-06-23
USR0340,PKG0001,4,2025-07-25
USR0321,PKG0054,5,2024-12-22
USR0291,PKG0005,2,2025-02-15
USR0067,PKG0048,4,2024-06-15
USR0077,PKG0015,3,2024-05-20
USR0195,PKG0012,5,2024-12-04
USR0037,PKG0022,4,2025-07-24
USR0009,PKG0029,3,2025-03-14
USR0377,PKG0042,5,2025-03-02
USR0037,PKG0014,3,2024-02-29
USR0253,PKG0029,4,2024-11-28
USR0315,PKG0028,2,2025-08-20
USR0344,PKG0013,5,2025-06-02
USR0003,PKG0047,3,2025-03-01
USR0395,PKG0039,3,2025-04-05
USR0024,PKG0039,5,2025-07-05
USR0199,PKG0048,5,2025-03-28
USR0253,PKG0018,2,2024-10-13
USR0069,PKG0006,5,2024-11-01
USR0236,PKG0034,5,2024-06-20
USR0192,PKG0029,5,2024-05-21
USR0134,PKG0037,4,2025-05-19
USR0221,PKG0018,3,2024-12-11
USR0345,PKG0018,4,2025-06-06
USR0278,PKG0044,4,2024-12-11
USR0371,PKG0032,4,2025-11-16
USR0222,PKG0005,2,2024-10-13
USR0235,PKG0060,5,2025-07-08
USR0315,PKG0032,4,2025-10-09
USR0255,PKG0022,5,2024-12-13
USR0124,PKG0014,5,2025-08-25
USR0078,PKG0008,4,2025-03-08
USR0119,PKG0028,4,2025-01-07
USR0165,PKG0007,4,2024-11-20
USR0297,PKG0014,2,2025-09-20
USR0090,PKG0029,3,2024-10-21
USR0215,PKG0044,3,2024-07-01
USR0205,PKG0043,3,2025-05-29
USR0371,PKG0060,4,2024-05-11
USR0387,PKG0048,4,2024-11-07
USR0211,PKG0001,3,2025-09-21
USR0114,PKG0014,5,2024-05-01
USR0263,PKG0002,3,2024-03-25
USR0383,PKG0051,3,2025-03-14
USR0185,PKG0005,5,2024-12-06
USR0345,PKG0010,4,2024-01-27
USR0042,PKG0033,3,2024-05-19
USR0295,PKG0004,4,2024-01-07
USR0360,PKG0040,3,2024-02-10
USR0281,PKG0023,4,2024-02-13
USR0031,PKG0042,4,2024-06-08
USR0011,PKG0017,5,2024-11-10
USR0371,PKG0014,3,2025-01-16
USR0327,PKG0028,3,2025-10-16
USR0069,PKG0024,3,2024-08-23
USR0388,PKG0048,5,2025-08-23
USR0323,PKG0015,3,2025-10-24
USR0299,PKG0032,3,2024-08-25
USR0271,PKG0040,3,2024-03-15
USR0254,PKG0030,3,2024-08-30
USR0147,PKG0042,4,2024-05-14
USR0336,PKG0008,4,2025-10-20
USR0238,PKG0016,4,2024-04-28
USR0246,PKG0053,5,2024-11-29
USR0208,PKG0047,4,2024-11-20
USR0186,PKG0054,4,2024-03-11
USR0028,PKG0039,3,2024-08-01
USR0135,PKG0040,2,2024-01-06
USR0012,PKG0014,2,2024-11-27
USR0065,PKG0052,3,2024-12-14
USR0357,PKG0028,5,2025-05-07
USR0340,PKG0048,4,2024-02-04
USR0345,PKG0020,4,2025-06-18
USR0241,PKG0001,5,2024-07-27
USR0330,PKG0035,1,2025-10-10
USR0058,PKG0013,4,2025-10-10
USR0347,PKG0004,5,2025-03-11
USR0155,PKG0056,4,2025-07-22
USR0286,PKG0057,5,2024-07-05
USR0095,PKG0056,5,2025-11-29
USR0185,PKG0029,4,2024-04-12
USR0093,PKG0051,3,2024-10-17
USR0228,PKG0019,3,2024-11-06
USR0166,PKG0022,3,2024-10-18
USR0068,PKG0031,3,2025-06-16
USR0265,PKG0038,5,2025-06-21
USR0256,PKG0019,2,2025-09-23
USR0141,PKG0022,3,2025-01-27
USR0273,PKG0034,2,2025-01-30
USR0187,PKG0019,3,2025-08-23
USR0261,PKG0001,4,2025-09-26
USR0235,PKG0052,3,2025-05-17
USR0077,PKG0004,4,2024-05-27
USR0173,PKG0032,3,2025-05-26
USR0123,PKG0043,4,2024-08-15
USR0091,PKG0001,4,2025-03-09
USR0056,PKG0045,3,2025-04-04
USR0049,PKG0007,4,2025-10-14
USR0048,PKG0041,5,2025-03-27
USR0254,PKG0057,5,2024-10-26
USR0097,PKG0059,2,2025-10-20
USR0181,PKG0032,5,2025-02-27
USR0226,PKG0036,5,2024-06-02
USR0175,PKG0022,5,2024-01-07
USR0189,PKG0004,4,2024-05-12
USR0051,PKG0049,5,2025-01-10
USR0273,PKG0060,3,2025-06-11
USR0205,PKG0023,4,2024-06-20
USR0128,PKG0005,3,2025-01-12
USR0389,PKG0032,4,2024-10-21
USR0050,PKG0053,3,2024-08-02
USR0169,PKG0020,2,2024-03-12
USR0050,PKG0008,3,2025-06-22
USR0199,PKG0049,3,2024-08-11
USR0149,PKG0015,4,2024-06-26
USR0307,PKG0025,4,2025-07-10
USR0046,PKG0024,4,2024-04-18
USR0140,PKG0011,4,2024-05-16
USR0154,PKG0006,4,2024-07-13
USR0023,PKG0058,4,2024-03-05
USR0334,PKG0002,4,2024-05-09
USR0348,PKG0033,3,2024-07-23
USR0268,PKG0051,4,2025-09-13
USR0381,PKG0051,5,2024-05-26
USR0106,PKG0019,4,2025-10-22
USR0149,PKG0040,4,2024-01-08
USR0381,PKG0043,4,2025-10-03
USR0072,PKG0016,2,2024-11-08
USR0083,PKG0044,4,2025-10-01
USR0119,PKG0057,3,2024-04-04
USR0018,PKG0044,5,2024-03-01
USR0007,PKG0056,4,2025-01-21
USR0163,PKG0045,3,2024-01-09
USR0163,PKG0024,5,2024-04-02
USR0166,PKG0014,2,2025-06-16
USR0336,PKG0060,3,2024-09-07
USR0108,PKG0015,3,2025-03-01
USR0321,PKG0049,4,2024-09-25
USR0204,PKG0040,2,2025-05-16
USR0188,PKG0037,3,2024-06-12
USR0271,PKG0021,4,2024-07-27
USR0295,PKG0001,4,2025-07-20
USR0111,PKG0011,3,2025-04-19
USR0197,PKG0056,3,2024-12-19
USR0018,PKG0011,4,2024-01-25
USR0296,PKG0009,4,2025-06-29
USR0040,PKG0049,2,2024-06-18
USR0266,PKG0059,4,2025-04-27
USR0225,PKG0044,5,2025-02-17
USR0058,PKG0052,3,2025-06-15
USR0168,PKG0035,4,2024-03-30
USR0248,PKG0008,5,2025-11-12
USR0040,PKG0053,1,2025-04-11
USR0221,PKG0017,5,2024-06-30
USR0277,PKG0037,5,2024-07-04
USR0288,PKG0058,3,2024-12-24
USR0213,PKG0012,5,2025-05-06
USR0109,PKG0037,4,2025-04-20
USR0145,PKG0056,4,2024-11-24
USR0045,PKG0006,4,2024-09-23
USR0055,PKG0037,2,2025-01-06
USR0034,PKG0042,5,2025-07-29
USR0101,PKG0020,4,2025-10-04
USR0225,PKG0058,2,2024-09-29
USR0077,PKG0056,3,2025-05-10
USR0371,PKG0058,4,2024-05-18
USR0306,PKG0011,4,2025-01-23
USR0146,PKG0009,4,2024-06-07
USR0377,PKG0004,3,2025-08-07
USR0318,PKG0048,4,2024-02-03
USR0368,PKG0013,2,2024-11-29
USR0168,PKG0017,3,2024-05-25
USR0337,PKG0018,4,2025-09-25
USR0314,PKG0005,4,2024-04-02
USR0100,PKG0047,3,2025-06-07
USR0041,PKG0006,3,2025-11-16
USR0116,PKG0020,4,2025-04-09
USR0262,PKG0011,5,2025-01-26
USR0309,PKG0059,4,2025-11-04
USR0344,PKG0059,3,2025-07-21
USR0138,PKG0056,5,2024-09-03
USR0377,PKG0005,5,2024-04-14
USR0049,PKG0015,4,2025-02-05
USR0327,PKG0020,4,2024-02-24
USR0270,PKG0017,2,2025-07-16
USR0151,PKG0055,2,2024-07-05
USR0067,PKG0044,4,2025-03-26
USR0188,PKG0004,5,2024-05-03
USR0028,PKG0058,2,2025-10-22
USR0171,PKG0060,4,2025-04-25
USR0164,PKG0026,4,2024-06-28
USR0026,PKG0055,3,2024-03-05
USR0306,PKG0047,3,2025-04-13
USR0353,PKG0010,4,2024-08-08
USR0241,PKG0036,4,2024-07-22
USR0110,PKG0017,4,2025-03-29
USR0316,PKG0023,2,2024-08-10
USR0299,PKG0033,4,2025-08-01
USR0340,PKG0030,4,2025-11-02
USR0097,PKG0015,4,2025-08-19
USR0119,PKG0037,4,2024-07-09
USR0143,PKG0060,5,2024-01-30
USR0288,PKG0057,4,2024-11-29
USR0044,PKG0049,5,2024-07-05
USR0288,PKG0045,4,2024-06-25
USR0376,PKG0041,5,2024-06-07
USR0291,PKG0056,4,2025-08-13
USR0334,PKG0053,4,2025-08-03
USR0290,PKG0039,5,2025-09-21
USR0060,PKG0017,4,2024-08-07
USR0139,PKG0037,4,2025-02-25
USR0383,PKG0032,4,2024-06-24
USR0338,PKG0014,4,2024-04-13
USR0338,PKG0007,4,2025-03-13
USR0297,PKG0020,4,2024-11-30
USR0151,PKG0031,3,2025-11-04
USR0003,PKG0003,4,2025-08-22
USR0373,PKG0014,3,2024-03-18
USR0179,PKG0015,5,2025-10-17
USR0113,PKG0001,3,2024-11-06
USR0005,PKG0029,4,2024-08-29
USR0396,PKG0044,2,2025-07-20
USR0016,PKG0013,4,2025-07-17
USR0265,PKG0030,2,2024-05-27
USR0346,PKG0036,4,2024-08-30
USR0076,PKG0056,4,2024-06-19
USR0210,PKG0041,5,2024-11-28
USR0251,PKG0052,4,2025-10-30
USR0165,PKG0024,5,2025-01-07
USR0072,PKG0032,4,2024-09-07
USR0192,PKG0042,5,2025-08-14
USR0017,PKG0045,5,2025-07-07
USR0063,PKG0037,5,2024-07-27
USR0191,PKG0017,5,2024-11-23
USR0157,PKG0017,3,2025-07-23
USR0267,PKG0039,3,2024-11-11
USR0256,PKG0018,2,2024-09-30
USR0372,PKG0011,4,2025-03-03
USR0022,PKG0028,5,2024-05-05
USR0263,PKG0042,3,2025-05-15
